artistName,bio
Artist_0,Bio of Artist_0
Artist_1,Bio of Artist_1
Artist_2,Bio of Artist_2
Artist_3,Bio of Artist_3
Artist_4,Bio of Artist_4
Artist_5,Bio of Artist_5
Artist_6,Bio of Artist_6
Artist_7,Bio of Artist_7
Artist_8,Bio of Artist_8
Artist_9,Bio of Artist_9
Artist_10,Bio of Artist_10
Artist_11,Bio of Artist_11
Artist_12,Bio of Artist_12
Artist_13,Bio of Artist_13
Artist_14,Bio of Artist_14
Artist_15,Bio of Artist_15
Artist_16,Bio of Artist_16
Artist_17,Bio of Artist_17
Artist_18,Bio of Artist_18
Artist_19,Bio of Artist_19
Artist_20,Bio of Artist_20
Artist_21,Bio of Artist_21
Artist_22,Bio of Artist_22
Artist_23,Bio of Artist_23
Artist_24,Bio of Artist_24
Artist_25,Bio of Artist_25
Artist_26,Bio of Artist_26
Artist_27,Bio of Artist_27
Artist_28,Bio of Artist_28
Artist_29,Bio of Artist_29
Artist_30,Bio of Artist_30
Artist_31,Bio of Artist_31
Artist_32,Bio of Artist_32
Artist_33,Bio of Artist_33
Artist_34,Bio of Artist_34
Artist_35,Bio of Artist_35
Artist_36,Bio of Artist_36
Artist_37,Bio of Artist_37
Artist_38,Bio of Artist_38
Artist_39,Bio of Artist_39
Artist_40,Bio of Artist_40
Artist_41,Bio of Artist_41
Artist_42,Bio of Artist_42
Artist_43,Bio of Artist_43
Artist_44,Bio of Artist_44
Artist_45,Bio of Artist_45
Artist_46,Bio of Artist_46
Artist_47,Bio of Artist_47
Artist_48,Bio of Artist_48
Artist_49,Bio of Artist_49
Artist_50,Bio of Artist_50
Artist_51,Bio of Artist_51
Artist_52,Bio of Artist_52
Artist_53,Bio of Artist_53
Artist_54,Bio of Artist_54
Artist_55,Bio of Artist_55
Artist_56,Bio of Artist_56
Artist_57,Bio of Artist_57
Artist_58,Bio of Artist_58
Artist_59,Bio of Artist_59
Artist_60,Bio of Artist_60
Artist_61,Bio of Artist_61
Artist_62,Bio of Artist_62
Artist_63,Bio of Artist_63
Artist_64,Bio of Artist_64
Artist_65,Bio of Artist_65
Artist_66,Bio of Artist_66
Artist_67,Bio of Artist_67
Artist_68,Bio of Artist_68
Artist_69,Bio of Artist_69
Artist_70,Bio of Artist_70
Artist_71,Bio of Artist_71
Artist_72,Bio of Artist_72
Artist_73,Bio of Artist_73
Artist_74,Bio of Artist_74
Artist_75,Bio of Artist_75
Artist_76,Bio of Artist_76
Artist_77,Bio of Artist_77
Artist_78,Bio of Artist_78
Artist_79,Bio of Artist_79
Artist_80,Bio of Artist_80
Artist_81,Bio of Artist_81
Artist_82,Bio of Artist_82
Artist_83,Bio of Artist_83
Artist_84,Bio of Artist_84
Artist_85,Bio of Artist_85
Artist_86,Bio of Artist_86
Artist_87,Bio of Artist_87
Artist_88,Bio of Artist_88
Artist_89,Bio of Artist_89
Artist_90,Bio of Artist_90
Artist_91,Bio of Artist_91
Artist_92,Bio of Artist_92
Artist_93,Bio of Artist_93
Artist_94,Bio of Artist_94
Artist_95,Bio of Artist_95
Artist_96,Bio of Artist_96
Artist_97,Bio of Artist_97
Artist_98,Bio of Artist_98
Artist_99,Bio of Artist_99
Artist_100,Bio of Artist_100
Artist_101,Bio of Artist_101
Artist_102,Bio of Artist_102
Artist_103,Bio of Artist_103
Artist_104,Bio of Artist_104
Artist_105,Bio of Artist_105
Artist_106,Bio of Artist_106
Artist_107,Bio of Artist_107
Artist_108,Bio of Artist_108
Artist_109,Bio of Artist_109
Artist_110,Bio of Artist_110
Artist_111,Bio of Artist_111
Artist_112,Bio of Artist_112
Artist_113,Bio of Artist_113
Artist_114,Bio of Artist_114
Artist_115,Bio of Artist_115
Artist_116,Bio of Artist_116
Artist_117,Bio of Artist_117
Artist_118,Bio of Artist_118
Artist_119,Bio of Artist_119
Artist_120,Bio of Artist_120
Artist_121,Bio of Artist_121
Artist_122,Bio of Artist_122
Artist_123,Bio of Artist_123
Artist_124,Bio of Artist_124
Artist_125,Bio of Artist_125
Artist_126,Bio of Artist_126
Artist_127,Bio of Artist_127
Artist_128,Bio of Artist_128
Artist_129,Bio of Artist_129
Artist_130,Bio of Artist_130
Artist_131,Bio of Artist_131
Artist_132,Bio of Artist_132
Artist_133,Bio of Artist_133
Artist_134,Bio of Artist_134
Artist_135,Bio of Artist_135
Artist_136,Bio of Artist_136
Artist_137,Bio of Artist_137
Artist_138,Bio of Artist_138
Artist_139,Bio of Artist_139
Artist_140,Bio of Artist_140
Artist_141,Bio of Artist_141
Artist_142,Bio of Artist_142
Artist_143,Bio of Artist_143
Artist_144,Bio of Artist_144
Artist_145,Bio of Artist_145
Artist_146,Bio of Artist_146
Artist_147,Bio of Artist_147
Artist_148,Bio of Artist_148
Artist_149,Bio of Artist_149
Artist_150,Bio of Artist_150
Artist_151,Bio of Artist_151
Artist_152,Bio of Artist_152
Artist_153,Bio of Artist_153
Artist_154,Bio of Artist_154
Artist_155,Bio of Artist_155
Artist_156,Bio of Artist_156
Artist_157,Bio of Artist_157
Artist_158,Bio of Artist_158
Artist_159,Bio of Artist_159
Artist_160,Bio of Artist_160
Artist_161,Bio of Artist_161
Artist_162,Bio of Artist_162
Artist_163,Bio of Artist_163
Artist_164,Bio of Artist_164
Artist_165,Bio of Artist_165
Artist_166,Bio of Artist_166
Artist_167,Bio of Artist_167
Artist_168,Bio of Artist_168
Artist_169,Bio of Artist_169
Artist_170,Bio of Artist_170
Artist_171,Bio of Artist_171
Artist_172,Bio of Artist_172
Artist_173,Bio of Artist_173
Artist_174,Bio of Artist_174
Artist_175,Bio of Artist_175
Artist_176,Bio of Artist_176
Artist_177,Bio of Artist_177
Artist_178,Bio of Artist_178
Artist_179,Bio of Artist_179
Artist_180,Bio of Artist_180
Artist_181,Bio of Artist_181
Artist_182,Bio of Artist_182
Artist_183,Bio of Artist_183
Artist_184,Bio of Artist_184
Artist_185,Bio of Artist_185
Artist_186,Bio of Artist_186
Artist_187,Bio of Artist_187
Artist_188,Bio of Artist_188
Artist_189,Bio of Artist_189
Artist_190,Bio of Artist_190
Artist_191,Bio of Artist_191
Artist_192,Bio of Artist_192
Artist_193,Bio of Artist_193
Artist_194,Bio of Artist_194
Artist_195,Bio of Artist_195
Artist_196,Bio of Artist_196
Artist_197,Bio of Artist_197
Artist_198,Bio of Artist_198
Artist_199,Bio of Artist_199
Artist_200,Bio of Artist_200
Artist_201,Bio of Artist_201
Artist_202,Bio of Artist_202
Artist_203,Bio of Artist_203
Artist_204,Bio of Artist_204
Artist_205,Bio of Artist_205
Artist_206,Bio of Artist_206
Artist_207,Bio of Artist_207
Artist_208,Bio of Artist_208
Artist_209,Bio of Artist_209
Artist_210,Bio of Artist_210
Artist_211,Bio of Artist_211
Artist_212,Bio of Artist_212
Artist_213,Bio of Artist_213
Artist_214,Bio of Artist_214
Artist_215,Bio of Artist_215
Artist_216,Bio of Artist_216
Artist_217,Bio of Artist_217
Artist_218,Bio of Artist_218
Artist_219,Bio of Artist_219
Artist_220,Bio of Artist_220
Artist_221,Bio of Artist_221
Artist_222,Bio of Artist_222
Artist_223,Bio of Artist_223
Artist_224,Bio of Artist_224
Artist_225,Bio of Artist_225
Artist_226,Bio of Artist_226
Artist_227,Bio of Artist_227
Artist_228,Bio of Artist_228
Artist_229,Bio of Artist_229
Artist_230,Bio of Artist_230
Artist_231,Bio of Artist_231
Artist_232,Bio of Artist_232
Artist_233,Bio of Artist_233
Artist_234,Bio of Artist_234
Artist_235,Bio of Artist_235
Artist_236,Bio of Artist_236
Artist_237,Bio of Artist_237
Artist_238,Bio of Artist_238
Artist_239,Bio of Artist_239
Artist_240,Bio of Artist_240
Artist_241,Bio of Artist_241
Artist_242,Bio of Artist_242
Artist_243,Bio of Artist_243
Artist_244,Bio of Artist_244
Artist_245,Bio of Artist_245
Artist_246,Bio of Artist_246
Artist_247,Bio of Artist_247
Artist_248,Bio of Artist_248
Artist_249,Bio of Artist_249
Artist_250,Bio of Artist_250
Artist_251,Bio of Artist_251
Artist_252,Bio of Artist_252
Artist_253,Bio of Artist_253
Artist_254,Bio of Artist_254
Artist_255,Bio of Artist_255
Artist_256,Bio of Artist_256
Artist_257,Bio of Artist_257
Artist_258,Bio of Artist_258
Artist_259,Bio of Artist_259
Artist_260,Bio of Artist_260
Artist_261,Bio of Artist_261
Artist_262,Bio of Artist_262
Artist_263,Bio of Artist_263
Artist_264,Bio of Artist_264
Artist_265,Bio of Artist_265
Artist_266,Bio of Artist_266
Artist_267,Bio of Artist_267
Artist_268,Bio of Artist_268
Artist_269,Bio of Artist_269
Artist_270,Bio of Artist_270
Artist_271,Bio of Artist_271
Artist_272,Bio of Artist_272
Artist_273,Bio of Artist_273
Artist_274,Bio of Artist_274
Artist_275,Bio of Artist_275
Artist_276,Bio of Artist_276
Artist_277,Bio of Artist_277
Artist_278,Bio of Artist_278
Artist_279,Bio of Artist_279
Artist_280,Bio of Artist_280
Artist_281,Bio of Artist_281
Artist_282,Bio of Artist_282
Artist_283,Bio of Artist_283
Artist_284,Bio of Artist_284
Artist_285,Bio of Artist_285
Artist_286,Bio of Artist_286
Artist_287,Bio of Artist_287
Artist_288,Bio of Artist_288
Artist_289,Bio of Artist_289
Artist_290,Bio of Artist_290
Artist_291,Bio of Artist_291
Artist_292,Bio of Artist_292
Artist_293,Bio of Artist_293
Artist_294,Bio of Artist_294
Artist_295,Bio of Artist_295
Artist_296,Bio of Artist_296
Artist_297,Bio of Artist_297
Artist_298,Bio of Artist_298
Artist_299,Bio of Artist_299
Artist_300,Bio of Artist_300
Artist_301,Bio of Artist_301
Artist_302,Bio of Artist_302
Artist_303,Bio of Artist_303
Artist_304,Bio of Artist_304
Artist_305,Bio of Artist_305
Artist_306,Bio of Artist_306
Artist_307,Bio of Artist_307
Artist_308,Bio of Artist_308
Artist_309,Bio of Artist_309
Artist_310,Bio of Artist_310
Artist_311,Bio of Artist_311
Artist_312,Bio of Artist_312
Artist_313,Bio of Artist_313
Artist_314,Bio of Artist_314
Artist_315,Bio of Artist_315
Artist_316,Bio of Artist_316
Artist_317,Bio of Artist_317
Artist_318,Bio of Artist_318
Artist_319,Bio of Artist_319
Artist_320,Bio of Artist_320
Artist_321,Bio of Artist_321
Artist_322,Bio of Artist_322
Artist_323,Bio of Artist_323
Artist_324,Bio of Artist_324
Artist_325,Bio of Artist_325
Artist_326,Bio of Artist_326
Artist_327,Bio of Artist_327
Artist_328,Bio of Artist_328
Artist_329,Bio of Artist_329
Artist_330,Bio of Artist_330
Artist_331,Bio of Artist_331
Artist_332,Bio of Artist_332
Artist_333,Bio of Artist_333
Artist_334,Bio of Artist_334
Artist_335,Bio of Artist_335
Artist_336,Bio of Artist_336
Artist_337,Bio of Artist_337
Artist_338,Bio of Artist_338
Artist_339,Bio of Artist_339
Artist_340,Bio of Artist_340
Artist_341,Bio of Artist_341
Artist_342,Bio of Artist_342
Artist_343,Bio of Artist_343
Artist_344,Bio of Artist_344
Artist_345,Bio of Artist_345
Artist_346,Bio of Artist_346
Artist_347,Bio of Artist_347
Artist_348,Bio of Artist_348
Artist_349,Bio of Artist_349
Artist_350,Bio of Artist_350
Artist_351,Bio of Artist_351
Artist_352,Bio of Artist_352
Artist_353,Bio of Artist_353
Artist_354,Bio of Artist_354
Artist_355,Bio of Artist_355
Artist_356,Bio of Artist_356
Artist_357,Bio of Artist_357
Artist_358,Bio of Artist_358
Artist_359,Bio of Artist_359
Artist_360,Bio of Artist_360
Artist_361,Bio of Artist_361
Artist_362,Bio of Artist_362
Artist_363,Bio of Artist_363
Artist_364,Bio of Artist_364
Artist_365,Bio of Artist_365
Artist_366,Bio of Artist_366
Artist_367,Bio of Artist_367
Artist_368,Bio of Artist_368
Artist_369,Bio of Artist_369
Artist_370,Bio of Artist_370
Artist_371,Bio of Artist_371
Artist_372,Bio of Artist_372
Artist_373,Bio of Artist_373
Artist_374,Bio of Artist_374
Artist_375,Bio of Artist_375
Artist_376,Bio of Artist_376
Artist_377,Bio of Artist_377
Artist_378,Bio of Artist_378
Artist_379,Bio of Artist_379
Artist_380,Bio of Artist_380
Artist_381,Bio of Artist_381
Artist_382,Bio of Artist_382
Artist_383,Bio of Artist_383
Artist_384,Bio of Artist_384
Artist_385,Bio of Artist_385
Artist_386,Bio of Artist_386
Artist_387,Bio of Artist_387
Artist_388,Bio of Artist_388
Artist_389,Bio of Artist_389
Artist_390,Bio of Artist_390
Artist_391,Bio of Artist_391
Artist_392,Bio of Artist_392
Artist_393,Bio of Artist_393
Artist_394,Bio of Artist_394
Artist_395,Bio of Artist_395
Artist_396,Bio of Artist_396
Artist_397,Bio of Artist_397
Artist_398,Bio of Artist_398
Artist_399,Bio of Artist_399
Artist_400,Bio of Artist_400
Artist_401,Bio of Artist_401
Artist_402,Bio of Artist_402
Artist_403,Bio of Artist_403
Artist_404,Bio of Artist_404
Artist_405,Bio of Artist_405
Artist_406,Bio of Artist_406
Artist_407,Bio of Artist_407
Artist_408,Bio of Artist_408
Artist_409,Bio of Artist_409
Artist_410,Bio of Artist_410
Artist_411,Bio of Artist_411
Artist_412,Bio of Artist_412
Artist_413,Bio of Artist_413
Artist_414,Bio of Artist_414
Artist_415,Bio of Artist_415
Artist_416,Bio of Artist_416
Artist_417,Bio of Artist_417
Artist_418,Bio of Artist_418
Artist_419,Bio of Artist_419
Artist_420,Bio of Artist_420
Artist_421,Bio of Artist_421
Artist_422,Bio of Artist_422
Artist_423,Bio of Artist_423
Artist_424,Bio of Artist_424
Artist_425,Bio of Artist_425
Artist_426,Bio of Artist_426
Artist_427,Bio of Artist_427
Artist_428,Bio of Artist_428
Artist_429,Bio of Artist_429
Artist_430,Bio of Artist_430
Artist_431,Bio of Artist_431
Artist_432,Bio of Artist_432
Artist_433,Bio of Artist_433
Artist_434,Bio of Artist_434
Artist_435,Bio of Artist_435
Artist_436,Bio of Artist_436
Artist_437,Bio of Artist_437
Artist_438,Bio of Artist_438
Artist_439,Bio of Artist_439
Artist_440,Bio of Artist_440
Artist_441,Bio of Artist_441
Artist_442,Bio of Artist_442
Artist_443,Bio of Artist_443
Artist_444,Bio of Artist_444
Artist_445,Bio of Artist_445
Artist_446,Bio of Artist_446
Artist_447,Bio of Artist_447
Artist_448,Bio of Artist_448
Artist_449,Bio of Artist_449
Artist_450,Bio of Artist_450
Artist_451,Bio of Artist_451
Artist_452,Bio of Artist_452
Artist_453,Bio of Artist_453
Artist_454,Bio of Artist_454
Artist_455,Bio of Artist_455
Artist_456,Bio of Artist_456
Artist_457,Bio of Artist_457
Artist_458,Bio of Artist_458
Artist_459,Bio of Artist_459
Artist_460,Bio of Artist_460
Artist_461,Bio of Artist_461
Artist_462,Bio of Artist_462
Artist_463,Bio of Artist_463
Artist_464,Bio of Artist_464
Artist_465,Bio of Artist_465
Artist_466,Bio of Artist_466
Artist_467,Bio of Artist_467
Artist_468,Bio of Artist_468
Artist_469,Bio of Artist_469
Artist_470,Bio of Artist_470
Artist_471,Bio of Artist_471
Artist_472,Bio of Artist_472
Artist_473,Bio of Artist_473
Artist_474,Bio of Artist_474
Artist_475,Bio of Artist_475
Artist_476,Bio of Artist_476
Artist_477,Bio of Artist_477
Artist_478,Bio of Artist_478
Artist_479,Bio of Artist_479
Artist_480,Bio of Artist_480
Artist_481,Bio of Artist_481
Artist_482,Bio of Artist_482
Artist_483,Bio of Artist_483
Artist_484,Bio of Artist_484
Artist_485,Bio of Artist_485
Artist_486,Bio of Artist_486
Artist_487,Bio of Artist_487
Artist_488,Bio of Artist_488
Artist_489,Bio of Artist_489
Artist_490,Bio of Artist_490
Artist_491,Bio of Artist_491
Artist_492,Bio of Artist_492
Artist_493,Bio of Artist_493
Artist_494,Bio of Artist_494
Artist_495,Bio of Artist_495
Artist_496,Bio of Artist_496
Artist_497,Bio of Artist_497
Artist_498,Bio of Artist_498
Artist_499,Bio of Artist_499
Artist_500,Bio of Artist_500
Artist_501,Bio of Artist_501
Artist_502,Bio of Artist_502
Artist_503,Bio of Artist_503
Artist_504,Bio of Artist_504
Artist_505,Bio of Artist_505
Artist_506,Bio of Artist_506
Artist_507,Bio of Artist_507
Artist_508,Bio of Artist_508
Artist_509,Bio of Artist_509
Artist_510,Bio of Artist_510
Artist_511,Bio of Artist_511
Artist_512,Bio of Artist_512
Artist_513,Bio of Artist_513
Artist_514,Bio of Artist_514
Artist_515,Bio of Artist_515
Artist_516,Bio of Artist_516
Artist_517,Bio of Artist_517
Artist_518,Bio of Artist_518
Artist_519,Bio of Artist_519
Artist_520,Bio of Artist_520
Artist_521,Bio of Artist_521
Artist_522,Bio of Artist_522
Artist_523,Bio of Artist_523
Artist_524,Bio of Artist_524
Artist_525,Bio of Artist_525
Artist_526,Bio of Artist_526
Artist_527,Bio of Artist_527
Artist_528,Bio of Artist_528
Artist_529,Bio of Artist_529
Artist_530,Bio of Artist_530
Artist_531,Bio of Artist_531
Artist_532,Bio of Artist_532
Artist_533,Bio of Artist_533
Artist_534,Bio of Artist_534
Artist_535,Bio of Artist_535
Artist_536,Bio of Artist_536
Artist_537,Bio of Artist_537
Artist_538,Bio of Artist_538
Artist_539,Bio of Artist_539
Artist_540,Bio of Artist_540
Artist_541,Bio of Artist_541
Artist_542,Bio of Artist_542
Artist_543,Bio of Artist_543
Artist_544,Bio of Artist_544
Artist_545,Bio of Artist_545
Artist_546,Bio of Artist_546
Artist_547,Bio of Artist_547
Artist_548,Bio of Artist_548
Artist_549,Bio of Artist_549
Artist_550,Bio of Artist_550
Artist_551,Bio of Artist_551
Artist_552,Bio of Artist_552
Artist_553,Bio of Artist_553
Artist_554,Bio of Artist_554
Artist_555,Bio of Artist_555
Artist_556,Bio of Artist_556
Artist_557,Bio of Artist_557
Artist_558,Bio of Artist_558
Artist_559,Bio of Artist_559
Artist_560,Bio of Artist_560
Artist_561,Bio of Artist_561
Artist_562,Bio of Artist_562
Artist_563,Bio of Artist_563
Artist_564,Bio of Artist_564
Artist_565,Bio of Artist_565
Artist_566,Bio of Artist_566
Artist_567,Bio of Artist_567
Artist_568,Bio of Artist_568
Artist_569,Bio of Artist_569
Artist_570,Bio of Artist_570
Artist_571,Bio of Artist_571
Artist_572,Bio of Artist_572
Artist_573,Bio of Artist_573
Artist_574,Bio of Artist_574
Artist_575,Bio of Artist_575
Artist_576,Bio of Artist_576
Artist_577,Bio of Artist_577
Artist_578,Bio of Artist_578
Artist_579,Bio of Artist_579
Artist_580,Bio of Artist_580
Artist_581,Bio of Artist_581
Artist_582,Bio of Artist_582
Artist_583,Bio of Artist_583
Artist_584,Bio of Artist_584
Artist_585,Bio of Artist_585
Artist_586,Bio of Artist_586
Artist_587,Bio of Artist_587
Artist_588,Bio of Artist_588
Artist_589,Bio of Artist_589
Artist_590,Bio of Artist_590
Artist_591,Bio of Artist_591
Artist_592,Bio of Artist_592
Artist_593,Bio of Artist_593
Artist_594,Bio of Artist_594
Artist_595,Bio of Artist_595
Artist_596,Bio of Artist_596
Artist_597,Bio of Artist_597
Artist_598,Bio of Artist_598
Artist_599,Bio of Artist_599
Artist_600,Bio of Artist_600
Artist_601,Bio of Artist_601
Artist_602,Bio of Artist_602
Artist_603,Bio of Artist_603
Artist_604,Bio of Artist_604
Artist_605,Bio of Artist_605
Artist_606,Bio of Artist_606
Artist_607,Bio of Artist_607
Artist_608,Bio of Artist_608
Artist_609,Bio of Artist_609
Artist_610,Bio of Artist_610
Artist_611,Bio of Artist_611
Artist_612,Bio of Artist_612
Artist_613,Bio of Artist_613
Artist_614,Bio of Artist_614
Artist_615,Bio of Artist_615
Artist_616,Bio of Artist_616
Artist_617,Bio of Artist_617
Artist_618,Bio of Artist_618
Artist_619,Bio of Artist_619
Artist_620,Bio of Artist_620
Artist_621,Bio of Artist_621
Artist_622,Bio of Artist_622
Artist_623,Bio of Artist_623
Artist_624,Bio of Artist_624
Artist_625,Bio of Artist_625
Artist_626,Bio of Artist_626
Artist_627,Bio of Artist_627
Artist_628,Bio of Artist_628
Artist_629,Bio of Artist_629
Artist_630,Bio of Artist_630
Artist_631,Bio of Artist_631
Artist_632,Bio of Artist_632
Artist_633,Bio of Artist_633
Artist_634,Bio of Artist_634
Artist_635,Bio of Artist_635
Artist_636,Bio of Artist_636
Artist_637,Bio of Artist_637
Artist_638,Bio of Artist_638
Artist_639,Bio of Artist_639
Artist_640,Bio of Artist_640
Artist_641,Bio of Artist_641
Artist_642,Bio of Artist_642
Artist_643,Bio of Artist_643
Artist_644,Bio of Artist_644
Artist_645,Bio of Artist_645
Artist_646,Bio of Artist_646
Artist_647,Bio of Artist_647
Artist_648,Bio of Artist_648
Artist_649,Bio of Artist_649
Artist_650,Bio of Artist_650
Artist_651,Bio of Artist_651
Artist_652,Bio of Artist_652
Artist_653,Bio of Artist_653
Artist_654,Bio of Artist_654
Artist_655,Bio of Artist_655
Artist_656,Bio of Artist_656
Artist_657,Bio of Artist_657
Artist_658,Bio of Artist_658
Artist_659,Bio of Artist_659
Artist_660,Bio of Artist_660
Artist_661,Bio of Artist_661
Artist_662,Bio of Artist_662
Artist_663,Bio of Artist_663
Artist_664,Bio of Artist_664
Artist_665,Bio of Artist_665
Artist_666,Bio of Artist_666
Artist_667,Bio of Artist_667
Artist_668,Bio of Artist_668
Artist_669,Bio of Artist_669
Artist_670,Bio of Artist_670
Artist_671,Bio of Artist_671
Artist_672,Bio of Artist_672
Artist_673,Bio of Artist_673
Artist_674,Bio of Artist_674
Artist_675,Bio of Artist_675
Artist_676,Bio of Artist_676
Artist_677,Bio of Artist_677
Artist_678,Bio of Artist_678
Artist_679,Bio of Artist_679
Artist_680,Bio of Artist_680
Artist_681,Bio of Artist_681
Artist_682,Bio of Artist_682
Artist_683,Bio of Artist_683
Artist_684,Bio of Artist_684
Artist_685,Bio of Artist_685
Artist_686,Bio of Artist_686
Artist_687,Bio of Artist_687
Artist_688,Bio of Artist_688
Artist_689,Bio of Artist_689
Artist_690,Bio of Artist_690
Artist_691,Bio of Artist_691
Artist_692,Bio of Artist_692
Artist_693,Bio of Artist_693
Artist_694,Bio of Artist_694
Artist_695,Bio of Artist_695
Artist_696,Bio of Artist_696
Artist_697,Bio of Artist_697
Artist_698,Bio of Artist_698
Artist_699,Bio of Artist_699
Artist_700,Bio of Artist_700
Artist_701,Bio of Artist_701
Artist_702,Bio of Artist_702
Artist_703,Bio of Artist_703
Artist_704,Bio of Artist_704
Artist_705,Bio of Artist_705
Artist_706,Bio of Artist_706
Artist_707,Bio of Artist_707
Artist_708,Bio of Artist_708
Artist_709,Bio of Artist_709
Artist_710,Bio of Artist_710
Artist_711,Bio of Artist_711
Artist_712,Bio of Artist_712
Artist_713,Bio of Artist_713
Artist_714,Bio of Artist_714
Artist_715,Bio of Artist_715
Artist_716,Bio of Artist_716
Artist_717,Bio of Artist_717
Artist_718,Bio of Artist_718
Artist_719,Bio of Artist_719
Artist_720,Bio of Artist_720
Artist_721,Bio of Artist_721
Artist_722,Bio of Artist_722
Artist_723,Bio of Artist_723
Artist_724,Bio of Artist_724
Artist_725,Bio of Artist_725
Artist_726,Bio of Artist_726
Artist_727,Bio of Artist_727
Artist_728,Bio of Artist_728
Artist_729,Bio of Artist_729
Artist_730,Bio of Artist_730
Artist_731,Bio of Artist_731
Artist_732,Bio of Artist_732
Artist_733,Bio of Artist_733
Artist_734,Bio of Artist_734
Artist_735,Bio of Artist_735
Artist_736,Bio of Artist_736
Artist_737,Bio of Artist_737
Artist_738,Bio of Artist_738
Artist_739,Bio of Artist_739
Artist_740,Bio of Artist_740
Artist_741,Bio of Artist_741
Artist_742,Bio of Artist_742
Artist_743,Bio of Artist_743
Artist_744,Bio of Artist_744
Artist_745,Bio of Artist_745
Artist_746,Bio of Artist_746
Artist_747,Bio of Artist_747
Artist_748,Bio of Artist_748
Artist_749,Bio of Artist_749
Artist_750,Bio of Artist_750
Artist_751,Bio of Artist_751
Artist_752,Bio of Artist_752
Artist_753,Bio of Artist_753
Artist_754,Bio of Artist_754
Artist_755,Bio of Artist_755
Artist_756,Bio of Artist_756
Artist_757,Bio of Artist_757
Artist_758,Bio of Artist_758
Artist_759,Bio of Artist_759
Artist_760,Bio of Artist_760
Artist_761,Bio of Artist_761
Artist_762,Bio of Artist_762
Artist_763,Bio of Artist_763
Artist_764,Bio of Artist_764
Artist_765,Bio of Artist_765
Artist_766,Bio of Artist_766
Artist_767,Bio of Artist_767
Artist_768,Bio of Artist_768
Artist_769,Bio of Artist_769
Artist_770,Bio of Artist_770
Artist_771,Bio of Artist_771
Artist_772,Bio of Artist_772
Artist_773,Bio of Artist_773
Artist_774,Bio of Artist_774
Artist_775,Bio of Artist_775
Artist_776,Bio of Artist_776
Artist_777,Bio of Artist_777
Artist_778,Bio of Artist_778
Artist_779,Bio of Artist_779
Artist_780,Bio of Artist_780
Artist_781,Bio of Artist_781
Artist_782,Bio of Artist_782
Artist_783,Bio of Artist_783
Artist_784,Bio of Artist_784
Artist_785,Bio of Artist_785
Artist_786,Bio of Artist_786
Artist_787,Bio of Artist_787
Artist_788,Bio of Artist_788
Artist_789,Bio of Artist_789
Artist_790,Bio of Artist_790
Artist_791,Bio of Artist_791
Artist_792,Bio of Artist_792
Artist_793,Bio of Artist_793
Artist_794,Bio of Artist_794
Artist_795,Bio of Artist_795
Artist_796,Bio of Artist_796
Artist_797,Bio of Artist_797
Artist_798,Bio of Artist_798
Artist_799,Bio of Artist_799
Artist_800,Bio of Artist_800
Artist_801,Bio of Artist_801
Artist_802,Bio of Artist_802
Artist_803,Bio of Artist_803
Artist_804,Bio of Artist_804
Artist_805,Bio of Artist_805
Artist_806,Bio of Artist_806
Artist_807,Bio of Artist_807
Artist_808,Bio of Artist_808
Artist_809,Bio of Artist_809
Artist_810,Bio of Artist_810
Artist_811,Bio of Artist_811
Artist_812,Bio of Artist_812
Artist_813,Bio of Artist_813
Artist_814,Bio of Artist_814
Artist_815,Bio of Artist_815
Artist_816,Bio of Artist_816
Artist_817,Bio of Artist_817
Artist_818,Bio of Artist_818
Artist_819,Bio of Artist_819
Artist_820,Bio of Artist_820
Artist_821,Bio of Artist_821
Artist_822,Bio of Artist_822
Artist_823,Bio of Artist_823
Artist_824,Bio of Artist_824
Artist_825,Bio of Artist_825
Artist_826,Bio of Artist_826
Artist_827,Bio of Artist_827
Artist_828,Bio of Artist_828
Artist_829,Bio of Artist_829
Artist_830,Bio of Artist_830
Artist_831,Bio of Artist_831
Artist_832,Bio of Artist_832
Artist_833,Bio of Artist_833
Artist_834,Bio of Artist_834
Artist_835,Bio of Artist_835
Artist_836,Bio of Artist_836
Artist_837,Bio of Artist_837
Artist_838,Bio of Artist_838
Artist_839,Bio of Artist_839
Artist_840,Bio of Artist_840
Artist_841,Bio of Artist_841
Artist_842,Bio of Artist_842
Artist_843,Bio of Artist_843
Artist_844,Bio of Artist_844
Artist_845,Bio of Artist_845
Artist_846,Bio of Artist_846
Artist_847,Bio of Artist_847
Artist_848,Bio of Artist_848
Artist_849,Bio of Artist_849
Artist_850,Bio of Artist_850
Artist_851,Bio of Artist_851
Artist_852,Bio of Artist_852
Artist_853,Bio of Artist_853
Artist_854,Bio of Artist_854
Artist_855,Bio of Artist_855
Artist_856,Bio of Artist_856
Artist_857,Bio of Artist_857
Artist_858,Bio of Artist_858
Artist_859,Bio of Artist_859
Artist_860,Bio of Artist_860
Artist_861,Bio of Artist_861
Artist_862,Bio of Artist_862
Artist_863,Bio of Artist_863
Artist_864,Bio of Artist_864
Artist_865,Bio of Artist_865
Artist_866,Bio of Artist_866
Artist_867,Bio of Artist_867
Artist_868,Bio of Artist_868
Artist_869,Bio of Artist_869
Artist_870,Bio of Artist_870
Artist_871,Bio of Artist_871
Artist_872,Bio of Artist_872
Artist_873,Bio of Artist_873
Artist_874,Bio of Artist_874
Artist_875,Bio of Artist_875
Artist_876,Bio of Artist_876
Artist_877,Bio of Artist_877
Artist_878,Bio of Artist_878
Artist_879,Bio of Artist_879
Artist_880,Bio of Artist_880
Artist_881,Bio of Artist_881
Artist_882,Bio of Artist_882
Artist_883,Bio of Artist_883
Artist_884,Bio of Artist_884
Artist_885,Bio of Artist_885
Artist_886,Bio of Artist_886
Artist_887,Bio of Artist_887
Artist_888,Bio of Artist_888
Artist_889,Bio of Artist_889
Artist_890,Bio of Artist_890
Artist_891,Bio of Artist_891
Artist_892,Bio of Artist_892
Artist_893,Bio of Artist_893
Artist_894,Bio of Artist_894
Artist_895,Bio of Artist_895
Artist_896,Bio of Artist_896
Artist_897,Bio of Artist_897
Artist_898,Bio of Artist_898
Artist_899,Bio of Artist_899
Artist_900,Bio of Artist_900
Artist_901,Bio of Artist_901
Artist_902,Bio of Artist_902
Artist_903,Bio of Artist_903
Artist_904,Bio of Artist_904
Artist_905,Bio of Artist_905
Artist_906,Bio of Artist_906
Artist_907,Bio of Artist_907
Artist_908,Bio of Artist_908
Artist_909,Bio of Artist_909
Artist_910,Bio of Artist_910
Artist_911,Bio of Artist_911
Artist_912,Bio of Artist_912
Artist_913,Bio of Artist_913
Artist_914,Bio of Artist_914
Artist_915,Bio of Artist_915
Artist_916,Bio of Artist_916
Artist_917,Bio of Artist_917
Artist_918,Bio of Artist_918
Artist_919,Bio of Artist_919
Artist_920,Bio of Artist_920
Artist_921,Bio of Artist_921
Artist_922,Bio of Artist_922
Artist_923,Bio of Artist_923
Artist_924,Bio of Artist_924
Artist_925,Bio of Artist_925
Artist_926,Bio of Artist_926
Artist_927,Bio of Artist_927
Artist_928,Bio of Artist_928
Artist_929,Bio of Artist_929
Artist_930,Bio of Artist_930
Artist_931,Bio of Artist_931
Artist_932,Bio of Artist_932
Artist_933,Bio of Artist_933
Artist_934,Bio of Artist_934
Artist_935,Bio of Artist_935
Artist_936,Bio of Artist_936
Artist_937,Bio of Artist_937
Artist_938,Bio of Artist_938
Artist_939,Bio of Artist_939
Artist_940,Bio of Artist_940
Artist_941,Bio of Artist_941
Artist_942,Bio of Artist_942
Artist_943,Bio of Artist_943
Artist_944,Bio of Artist_944
Artist_945,Bio of Artist_945
Artist_946,Bio of Artist_946
Artist_947,Bio of Artist_947
Artist_948,Bio of Artist_948
Artist_949,Bio of Artist_949
Artist_950,Bio of Artist_950
Artist_951,Bio of Artist_951
Artist_952,Bio of Artist_952
Artist_953,Bio of Artist_953
Artist_954,Bio of Artist_954
Artist_955,Bio of Artist_955
Artist_956,Bio of Artist_956
Artist_957,Bio of Artist_957
Artist_958,Bio of Artist_958
Artist_959,Bio of Artist_959
Artist_960,Bio of Artist_960
Artist_961,Bio of Artist_961
Artist_962,Bio of Artist_962
Artist_963,Bio of Artist_963
Artist_964,Bio of Artist_964
Artist_965,Bio of Artist_965
Artist_966,Bio of Artist_966
Artist_967,Bio of Artist_967
Artist_968,Bio of Artist_968
Artist_969,Bio of Artist_969
Artist_970,Bio of Artist_970
Artist_971,Bio of Artist_971
Artist_972,Bio of Artist_972
Artist_973,Bio of Artist_973
Artist_974,Bio of Artist_974
Artist_975,Bio of Artist_975
Artist_976,Bio of Artist_976
Artist_977,Bio of Artist_977
Artist_978,Bio of Artist_978
Artist_979,Bio of Artist_979
Artist_980,Bio of Artist_980
Artist_981,Bio of Artist_981
Artist_982,Bio of Artist_982
Artist_983,Bio of Artist_983
Artist_984,Bio of Artist_984
Artist_985,Bio of Artist_985
Artist_986,Bio of Artist_986
Artist_987,Bio of Artist_987
Artist_988,Bio of Artist_988
Artist_989,Bio of Artist_989
Artist_990,Bio of Artist_990
Artist_991,Bio of Artist_991
Artist_992,Bio of Artist_992
Artist_993,Bio of Artist_993
Artist_994,Bio of Artist_994
Artist_995,Bio of Artist_995
Artist_996,Bio of Artist_996
Artist_997,Bio of Artist_997
Artist_998,Bio of Artist_998
Artist_999,Bio of Artist_999
Artist_1000,Bio of Artist_1000
Artist_1001,Bio of Artist_1001
Artist_1002,Bio of Artist_1002
Artist_1003,Bio of Artist_1003
Artist_1004,Bio of Artist_1004
Artist_1005,Bio of Artist_1005
Artist_1006,Bio of Artist_1006
Artist_1007,Bio of Artist_1007
Artist_1008,Bio of Artist_1008
Artist_1009,Bio of Artist_1009
Artist_1010,Bio of Artist_1010
Artist_1011,Bio of Artist_1011
Artist_1012,Bio of Artist_1012
Artist_1013,Bio of Artist_1013
Artist_1014,Bio of Artist_1014
Artist_1015,Bio of Artist_1015
Artist_1016,Bio of Artist_1016
Artist_1017,Bio of Artist_1017
Artist_1018,Bio of Artist_1018
Artist_1019,Bio of Artist_1019
Artist_1020,Bio of Artist_1020
Artist_1021,Bio of Artist_1021
Artist_1022,Bio of Artist_1022
Artist_1023,Bio of Artist_1023
Artist_1024,Bio of Artist_1024
Artist_1025,Bio of Artist_1025
Artist_1026,Bio of Artist_1026
Artist_1027,Bio of Artist_1027
Artist_1028,Bio of Artist_1028
Artist_1029,Bio of Artist_1029
Artist_1030,Bio of Artist_1030
Artist_1031,Bio of Artist_1031
Artist_1032,Bio of Artist_1032
Artist_1033,Bio of Artist_1033
Artist_1034,Bio of Artist_1034
Artist_1035,Bio of Artist_1035
Artist_1036,Bio of Artist_1036
Artist_1037,Bio of Artist_1037
Artist_1038,Bio of Artist_1038
Artist_1039,Bio of Artist_1039
Artist_1040,Bio of Artist_1040
Artist_1041,Bio of Artist_1041
Artist_1042,Bio of Artist_1042
Artist_1043,Bio of Artist_1043
Artist_1044,Bio of Artist_1044
Artist_1045,Bio of Artist_1045
Artist_1046,Bio of Artist_1046
Artist_1047,Bio of Artist_1047
Artist_1048,Bio of Artist_1048
Artist_1049,Bio of Artist_1049
Artist_1050,Bio of Artist_1050
Artist_1051,Bio of Artist_1051
Artist_1052,Bio of Artist_1052
Artist_1053,Bio of Artist_1053
Artist_1054,Bio of Artist_1054
Artist_1055,Bio of Artist_1055
Artist_1056,Bio of Artist_1056
Artist_1057,Bio of Artist_1057
Artist_1058,Bio of Artist_1058
Artist_1059,Bio of Artist_1059
Artist_1060,Bio of Artist_1060
Artist_1061,Bio of Artist_1061
Artist_1062,Bio of Artist_1062
Artist_1063,Bio of Artist_1063
Artist_1064,Bio of Artist_1064
Artist_1065,Bio of Artist_1065
Artist_1066,Bio of Artist_1066
Artist_1067,Bio of Artist_1067
Artist_1068,Bio of Artist_1068
Artist_1069,Bio of Artist_1069
Artist_1070,Bio of Artist_1070
Artist_1071,Bio of Artist_1071
Artist_1072,Bio of Artist_1072
Artist_1073,Bio of Artist_1073
Artist_1074,Bio of Artist_1074
Artist_1075,Bio of Artist_1075
Artist_1076,Bio of Artist_1076
Artist_1077,Bio of Artist_1077
Artist_1078,Bio of Artist_1078
Artist_1079,Bio of Artist_1079
Artist_1080,Bio of Artist_1080
Artist_1081,Bio of Artist_1081
Artist_1082,Bio of Artist_1082
Artist_1083,Bio of Artist_1083
Artist_1084,Bio of Artist_1084
Artist_1085,Bio of Artist_1085
Artist_1086,Bio of Artist_1086
Artist_1087,Bio of Artist_1087
Artist_1088,Bio of Artist_1088
Artist_1089,Bio of Artist_1089
Artist_1090,Bio of Artist_1090
Artist_1091,Bio of Artist_1091
Artist_1092,Bio of Artist_1092
Artist_1093,Bio of Artist_1093
Artist_1094,Bio of Artist_1094
Artist_1095,Bio of Artist_1095
Artist_1096,Bio of Artist_1096
Artist_1097,Bio of Artist_1097
Artist_1098,Bio of Artist_1098
Artist_1099,Bio of Artist_1099
Artist_1100,Bio of Artist_1100
Artist_1101,Bio of Artist_1101
Artist_1102,Bio of Artist_1102
Artist_1103,Bio of Artist_1103
Artist_1104,Bio of Artist_1104
Artist_1105,Bio of Artist_1105
Artist_1106,Bio of Artist_1106
Artist_1107,Bio of Artist_1107
Artist_1108,Bio of Artist_1108
Artist_1109,Bio of Artist_1109
Artist_1110,Bio of Artist_1110
Artist_1111,Bio of Artist_1111
Artist_1112,Bio of Artist_1112
Artist_1113,Bio of Artist_1113
Artist_1114,Bio of Artist_1114
Artist_1115,Bio of Artist_1115
Artist_1116,Bio of Artist_1116
Artist_1117,Bio of Artist_1117
Artist_1118,Bio of Artist_1118
Artist_1119,Bio of Artist_1119
Artist_1120,Bio of Artist_1120
Artist_1121,Bio of Artist_1121
Artist_1122,Bio of Artist_1122
Artist_1123,Bio of Artist_1123
Artist_1124,Bio of Artist_1124
Artist_1125,Bio of Artist_1125
Artist_1126,Bio of Artist_1126
Artist_1127,Bio of Artist_1127
Artist_1128,Bio of Artist_1128
Artist_1129,Bio of Artist_1129
Artist_1130,Bio of Artist_1130
Artist_1131,Bio of Artist_1131
Artist_1132,Bio of Artist_1132
Artist_1133,Bio of Artist_1133
Artist_1134,Bio of Artist_1134
Artist_1135,Bio of Artist_1135
Artist_1136,Bio of Artist_1136
Artist_1137,Bio of Artist_1137
Artist_1138,Bio of Artist_1138
Artist_1139,Bio of Artist_1139
Artist_1140,Bio of Artist_1140
Artist_1141,Bio of Artist_1141
Artist_1142,Bio of Artist_1142
Artist_1143,Bio of Artist_1143
Artist_1144,Bio of Artist_1144
Artist_1145,Bio of Artist_1145
Artist_1146,Bio of Artist_1146
Artist_1147,Bio of Artist_1147
Artist_1148,Bio of Artist_1148
Artist_1149,Bio of Artist_1149
Artist_1150,Bio of Artist_1150
Artist_1151,Bio of Artist_1151
Artist_1152,Bio of Artist_1152
Artist_1153,Bio of Artist_1153
Artist_1154,Bio of Artist_1154
Artist_1155,Bio of Artist_1155
Artist_1156,Bio of Artist_1156
Artist_1157,Bio of Artist_1157
Artist_1158,Bio of Artist_1158
Artist_1159,Bio of Artist_1159
Artist_1160,Bio of Artist_1160
Artist_1161,Bio of Artist_1161
Artist_1162,Bio of Artist_1162
Artist_1163,Bio of Artist_1163
Artist_1164,Bio of Artist_1164
Artist_1165,Bio of Artist_1165
Artist_1166,Bio of Artist_1166
Artist_1167,Bio of Artist_1167
Artist_1168,Bio of Artist_1168
Artist_1169,Bio of Artist_1169
Artist_1170,Bio of Artist_1170
Artist_1171,Bio of Artist_1171
Artist_1172,Bio of Artist_1172
Artist_1173,Bio of Artist_1173
Artist_1174,Bio of Artist_1174
Artist_1175,Bio of Artist_1175
Artist_1176,Bio of Artist_1176
Artist_1177,Bio of Artist_1177
Artist_1178,Bio of Artist_1178
Artist_1179,Bio of Artist_1179
Artist_1180,Bio of Artist_1180
Artist_1181,Bio of Artist_1181
Artist_1182,Bio of Artist_1182
Artist_1183,Bio of Artist_1183
Artist_1184,Bio of Artist_1184
Artist_1185,Bio of Artist_1185
Artist_1186,Bio of Artist_1186
Artist_1187,Bio of Artist_1187
Artist_1188,Bio of Artist_1188
Artist_1189,Bio of Artist_1189
Artist_1190,Bio of Artist_1190
Artist_1191,Bio of Artist_1191
Artist_1192,Bio of Artist_1192
Artist_1193,Bio of Artist_1193
Artist_1194,Bio of Artist_1194
Artist_1195,Bio of Artist_1195
Artist_1196,Bio of Artist_1196
Artist_1197,Bio of Artist_1197
Artist_1198,Bio of Artist_1198
Artist_1199,Bio of Artist_1199
Artist_1200,Bio of Artist_1200
Artist_1201,Bio of Artist_1201
Artist_1202,Bio of Artist_1202
Artist_1203,Bio of Artist_1203
Artist_1204,Bio of Artist_1204
Artist_1205,Bio of Artist_1205
Artist_1206,Bio of Artist_1206
Artist_1207,Bio of Artist_1207
Artist_1208,Bio of Artist_1208
Artist_1209,Bio of Artist_1209
Artist_1210,Bio of Artist_1210
Artist_1211,Bio of Artist_1211
Artist_1212,Bio of Artist_1212
Artist_1213,Bio of Artist_1213
Artist_1214,Bio of Artist_1214
Artist_1215,Bio of Artist_1215
Artist_1216,Bio of Artist_1216
Artist_1217,Bio of Artist_1217
Artist_1218,Bio of Artist_1218
Artist_1219,Bio of Artist_1219
Artist_1220,Bio of Artist_1220
Artist_1221,Bio of Artist_1221
Artist_1222,Bio of Artist_1222
Artist_1223,Bio of Artist_1223
Artist_1224,Bio of Artist_1224
Artist_1225,Bio of Artist_1225
Artist_1226,Bio of Artist_1226
Artist_1227,Bio of Artist_1227
Artist_1228,Bio of Artist_1228
Artist_1229,Bio of Artist_1229
Artist_1230,Bio of Artist_1230
Artist_1231,Bio of Artist_1231
Artist_1232,Bio of Artist_1232
Artist_1233,Bio of Artist_1233
Artist_1234,Bio of Artist_1234
Artist_1235,Bio of Artist_1235
Artist_1236,Bio of Artist_1236
Artist_1237,Bio of Artist_1237
Artist_1238,Bio of Artist_1238
Artist_1239,Bio of Artist_1239
Artist_1240,Bio of Artist_1240
Artist_1241,Bio of Artist_1241
Artist_1242,Bio of Artist_1242
Artist_1243,Bio of Artist_1243
Artist_1244,Bio of Artist_1244
Artist_1245,Bio of Artist_1245
Artist_1246,Bio of Artist_1246
Artist_1247,Bio of Artist_1247
Artist_1248,Bio of Artist_1248
Artist_1249,Bio of Artist_1249
Artist_1250,Bio of Artist_1250
Artist_1251,Bio of Artist_1251
Artist_1252,Bio of Artist_1252
Artist_1253,Bio of Artist_1253
Artist_1254,Bio of Artist_1254
Artist_1255,Bio of Artist_1255
Artist_1256,Bio of Artist_1256
Artist_1257,Bio of Artist_1257
Artist_1258,Bio of Artist_1258
Artist_1259,Bio of Artist_1259
Artist_1260,Bio of Artist_1260
Artist_1261,Bio of Artist_1261
Artist_1262,Bio of Artist_1262
Artist_1263,Bio of Artist_1263
Artist_1264,Bio of Artist_1264
Artist_1265,Bio of Artist_1265
Artist_1266,Bio of Artist_1266
Artist_1267,Bio of Artist_1267
Artist_1268,Bio of Artist_1268
Artist_1269,Bio of Artist_1269
Artist_1270,Bio of Artist_1270
Artist_1271,Bio of Artist_1271
Artist_1272,Bio of Artist_1272
Artist_1273,Bio of Artist_1273
Artist_1274,Bio of Artist_1274
Artist_1275,Bio of Artist_1275
Artist_1276,Bio of Artist_1276
Artist_1277,Bio of Artist_1277
Artist_1278,Bio of Artist_1278
Artist_1279,Bio of Artist_1279
Artist_1280,Bio of Artist_1280
Artist_1281,Bio of Artist_1281
Artist_1282,Bio of Artist_1282
Artist_1283,Bio of Artist_1283
Artist_1284,Bio of Artist_1284
Artist_1285,Bio of Artist_1285
Artist_1286,Bio of Artist_1286
Artist_1287,Bio of Artist_1287
Artist_1288,Bio of Artist_1288
Artist_1289,Bio of Artist_1289
Artist_1290,Bio of Artist_1290
Artist_1291,Bio of Artist_1291
Artist_1292,Bio of Artist_1292
Artist_1293,Bio of Artist_1293
Artist_1294,Bio of Artist_1294
Artist_1295,Bio of Artist_1295
Artist_1296,Bio of Artist_1296
Artist_1297,Bio of Artist_1297
Artist_1298,Bio of Artist_1298
Artist_1299,Bio of Artist_1299
Artist_1300,Bio of Artist_1300
Artist_1301,Bio of Artist_1301
Artist_1302,Bio of Artist_1302
Artist_1303,Bio of Artist_1303
Artist_1304,Bio of Artist_1304
Artist_1305,Bio of Artist_1305
Artist_1306,Bio of Artist_1306
Artist_1307,Bio of Artist_1307
Artist_1308,Bio of Artist_1308
Artist_1309,Bio of Artist_1309
Artist_1310,Bio of Artist_1310
Artist_1311,Bio of Artist_1311
Artist_1312,Bio of Artist_1312
Artist_1313,Bio of Artist_1313
Artist_1314,Bio of Artist_1314
Artist_1315,Bio of Artist_1315
Artist_1316,Bio of Artist_1316
Artist_1317,Bio of Artist_1317
Artist_1318,Bio of Artist_1318
Artist_1319,Bio of Artist_1319
Artist_1320,Bio of Artist_1320
Artist_1321,Bio of Artist_1321
Artist_1322,Bio of Artist_1322
Artist_1323,Bio of Artist_1323
Artist_1324,Bio of Artist_1324
Artist_1325,Bio of Artist_1325
Artist_1326,Bio of Artist_1326
Artist_1327,Bio of Artist_1327
Artist_1328,Bio of Artist_1328
Artist_1329,Bio of Artist_1329
Artist_1330,Bio of Artist_1330
Artist_1331,Bio of Artist_1331
Artist_1332,Bio of Artist_1332
Artist_1333,Bio of Artist_1333
Artist_1334,Bio of Artist_1334
Artist_1335,Bio of Artist_1335
Artist_1336,Bio of Artist_1336
Artist_1337,Bio of Artist_1337
Artist_1338,Bio of Artist_1338
Artist_1339,Bio of Artist_1339
Artist_1340,Bio of Artist_1340
Artist_1341,Bio of Artist_1341
Artist_1342,Bio of Artist_1342
Artist_1343,Bio of Artist_1343
Artist_1344,Bio of Artist_1344
Artist_1345,Bio of Artist_1345
Artist_1346,Bio of Artist_1346
Artist_1347,Bio of Artist_1347
Artist_1348,Bio of Artist_1348
Artist_1349,Bio of Artist_1349
Artist_1350,Bio of Artist_1350
Artist_1351,Bio of Artist_1351
Artist_1352,Bio of Artist_1352
Artist_1353,Bio of Artist_1353
Artist_1354,Bio of Artist_1354
Artist_1355,Bio of Artist_1355
Artist_1356,Bio of Artist_1356
Artist_1357,Bio of Artist_1357
Artist_1358,Bio of Artist_1358
Artist_1359,Bio of Artist_1359
Artist_1360,Bio of Artist_1360
Artist_1361,Bio of Artist_1361
Artist_1362,Bio of Artist_1362
Artist_1363,Bio of Artist_1363
Artist_1364,Bio of Artist_1364
Artist_1365,Bio of Artist_1365
Artist_1366,Bio of Artist_1366
Artist_1367,Bio of Artist_1367
Artist_1368,Bio of Artist_1368
Artist_1369,Bio of Artist_1369
Artist_1370,Bio of Artist_1370
Artist_1371,Bio of Artist_1371
Artist_1372,Bio of Artist_1372
Artist_1373,Bio of Artist_1373
Artist_1374,Bio of Artist_1374
Artist_1375,Bio of Artist_1375
Artist_1376,Bio of Artist_1376
Artist_1377,Bio of Artist_1377
Artist_1378,Bio of Artist_1378
Artist_1379,Bio of Artist_1379
Artist_1380,Bio of Artist_1380
Artist_1381,Bio of Artist_1381
Artist_1382,Bio of Artist_1382
Artist_1383,Bio of Artist_1383
Artist_1384,Bio of Artist_1384
Artist_1385,Bio of Artist_1385
Artist_1386,Bio of Artist_1386
Artist_1387,Bio of Artist_1387
Artist_1388,Bio of Artist_1388
Artist_1389,Bio of Artist_1389
Artist_1390,Bio of Artist_1390
Artist_1391,Bio of Artist_1391
Artist_1392,Bio of Artist_1392
Artist_1393,Bio of Artist_1393
Artist_1394,Bio of Artist_1394
Artist_1395,Bio of Artist_1395
Artist_1396,Bio of Artist_1396
Artist_1397,Bio of Artist_1397
Artist_1398,Bio of Artist_1398
Artist_1399,Bio of Artist_1399
Artist_1400,Bio of Artist_1400
Artist_1401,Bio of Artist_1401
Artist_1402,Bio of Artist_1402
Artist_1403,Bio of Artist_1403
Artist_1404,Bio of Artist_1404
Artist_1405,Bio of Artist_1405
Artist_1406,Bio of Artist_1406
Artist_1407,Bio of Artist_1407
Artist_1408,Bio of Artist_1408
Artist_1409,Bio of Artist_1409
Artist_1410,Bio of Artist_1410
Artist_1411,Bio of Artist_1411
Artist_1412,Bio of Artist_1412
Artist_1413,Bio of Artist_1413
Artist_1414,Bio of Artist_1414
Artist_1415,Bio of Artist_1415
Artist_1416,Bio of Artist_1416
Artist_1417,Bio of Artist_1417
Artist_1418,Bio of Artist_1418
Artist_1419,Bio of Artist_1419
Artist_1420,Bio of Artist_1420
Artist_1421,Bio of Artist_1421
Artist_1422,Bio of Artist_1422
Artist_1423,Bio of Artist_1423
Artist_1424,Bio of Artist_1424
Artist_1425,Bio of Artist_1425
Artist_1426,Bio of Artist_1426
Artist_1427,Bio of Artist_1427
Artist_1428,Bio of Artist_1428
Artist_1429,Bio of Artist_1429
Artist_1430,Bio of Artist_1430
Artist_1431,Bio of Artist_1431
Artist_1432,Bio of Artist_1432
Artist_1433,Bio of Artist_1433
Artist_1434,Bio of Artist_1434
Artist_1435,Bio of Artist_1435
Artist_1436,Bio of Artist_1436
Artist_1437,Bio of Artist_1437
Artist_1438,Bio of Artist_1438
Artist_1439,Bio of Artist_1439
Artist_1440,Bio of Artist_1440
Artist_1441,Bio of Artist_1441
Artist_1442,Bio of Artist_1442
Artist_1443,Bio of Artist_1443
Artist_1444,Bio of Artist_1444
Artist_1445,Bio of Artist_1445
Artist_1446,Bio of Artist_1446
Artist_1447,Bio of Artist_1447
Artist_1448,Bio of Artist_1448
Artist_1449,Bio of Artist_1449
Artist_1450,Bio of Artist_1450
Artist_1451,Bio of Artist_1451
Artist_1452,Bio of Artist_1452
Artist_1453,Bio of Artist_1453
Artist_1454,Bio of Artist_1454
Artist_1455,Bio of Artist_1455
Artist_1456,Bio of Artist_1456
Artist_1457,Bio of Artist_1457
Artist_1458,Bio of Artist_1458
Artist_1459,Bio of Artist_1459
Artist_1460,Bio of Artist_1460
Artist_1461,Bio of Artist_1461
Artist_1462,Bio of Artist_1462
Artist_1463,Bio of Artist_1463
Artist_1464,Bio of Artist_1464
Artist_1465,Bio of Artist_1465
Artist_1466,Bio of Artist_1466
Artist_1467,Bio of Artist_1467
Artist_1468,Bio of Artist_1468
Artist_1469,Bio of Artist_1469
Artist_1470,Bio of Artist_1470
Artist_1471,Bio of Artist_1471
Artist_1472,Bio of Artist_1472
Artist_1473,Bio of Artist_1473
Artist_1474,Bio of Artist_1474
Artist_1475,Bio of Artist_1475
Artist_1476,Bio of Artist_1476
Artist_1477,Bio of Artist_1477
Artist_1478,Bio of Artist_1478
Artist_1479,Bio of Artist_1479
Artist_1480,Bio of Artist_1480
Artist_1481,Bio of Artist_1481
Artist_1482,Bio of Artist_1482
Artist_1483,Bio of Artist_1483
Artist_1484,Bio of Artist_1484
Artist_1485,Bio of Artist_1485
Artist_1486,Bio of Artist_1486
Artist_1487,Bio of Artist_1487
Artist_1488,Bio of Artist_1488
Artist_1489,Bio of Artist_1489
Artist_1490,Bio of Artist_1490
Artist_1491,Bio of Artist_1491
Artist_1492,Bio of Artist_1492
Artist_1493,Bio of Artist_1493
Artist_1494,Bio of Artist_1494
Artist_1495,Bio of Artist_1495
Artist_1496,Bio of Artist_1496
Artist_1497,Bio of Artist_1497
Artist_1498,Bio of Artist_1498
Artist_1499,Bio of Artist_1499
Artist_1500,Bio of Artist_1500
Artist_1501,Bio of Artist_1501
Artist_1502,Bio of Artist_1502
Artist_1503,Bio of Artist_1503
Artist_1504,Bio of Artist_1504
Artist_1505,Bio of Artist_1505
Artist_1506,Bio of Artist_1506
Artist_1507,Bio of Artist_1507
Artist_1508,Bio of Artist_1508
Artist_1509,Bio of Artist_1509
Artist_1510,Bio of Artist_1510
Artist_1511,Bio of Artist_1511
Artist_1512,Bio of Artist_1512
Artist_1513,Bio of Artist_1513
Artist_1514,Bio of Artist_1514
Artist_1515,Bio of Artist_1515
Artist_1516,Bio of Artist_1516
Artist_1517,Bio of Artist_1517
Artist_1518,Bio of Artist_1518
Artist_1519,Bio of Artist_1519
Artist_1520,Bio of Artist_1520
Artist_1521,Bio of Artist_1521
Artist_1522,Bio of Artist_1522
Artist_1523,Bio of Artist_1523
Artist_1524,Bio of Artist_1524
Artist_1525,Bio of Artist_1525
Artist_1526,Bio of Artist_1526
Artist_1527,Bio of Artist_1527
Artist_1528,Bio of Artist_1528
Artist_1529,Bio of Artist_1529
Artist_1530,Bio of Artist_1530
Artist_1531,Bio of Artist_1531
Artist_1532,Bio of Artist_1532
Artist_1533,Bio of Artist_1533
Artist_1534,Bio of Artist_1534
Artist_1535,Bio of Artist_1535
Artist_1536,Bio of Artist_1536
Artist_1537,Bio of Artist_1537
Artist_1538,Bio of Artist_1538
Artist_1539,Bio of Artist_1539
Artist_1540,Bio of Artist_1540
Artist_1541,Bio of Artist_1541
Artist_1542,Bio of Artist_1542
Artist_1543,Bio of Artist_1543
Artist_1544,Bio of Artist_1544
Artist_1545,Bio of Artist_1545
Artist_1546,Bio of Artist_1546
Artist_1547,Bio of Artist_1547
Artist_1548,Bio of Artist_1548
Artist_1549,Bio of Artist_1549
Artist_1550,Bio of Artist_1550
Artist_1551,Bio of Artist_1551
Artist_1552,Bio of Artist_1552
Artist_1553,Bio of Artist_1553
Artist_1554,Bio of Artist_1554
Artist_1555,Bio of Artist_1555
Artist_1556,Bio of Artist_1556
Artist_1557,Bio of Artist_1557
Artist_1558,Bio of Artist_1558
Artist_1559,Bio of Artist_1559
Artist_1560,Bio of Artist_1560
Artist_1561,Bio of Artist_1561
Artist_1562,Bio of Artist_1562
Artist_1563,Bio of Artist_1563
Artist_1564,Bio of Artist_1564
Artist_1565,Bio of Artist_1565
Artist_1566,Bio of Artist_1566
Artist_1567,Bio of Artist_1567
Artist_1568,Bio of Artist_1568
Artist_1569,Bio of Artist_1569
Artist_1570,Bio of Artist_1570
Artist_1571,Bio of Artist_1571
Artist_1572,Bio of Artist_1572
Artist_1573,Bio of Artist_1573
Artist_1574,Bio of Artist_1574
Artist_1575,Bio of Artist_1575
Artist_1576,Bio of Artist_1576
Artist_1577,Bio of Artist_1577
Artist_1578,Bio of Artist_1578
Artist_1579,Bio of Artist_1579
Artist_1580,Bio of Artist_1580
Artist_1581,Bio of Artist_1581
Artist_1582,Bio of Artist_1582
Artist_1583,Bio of Artist_1583
Artist_1584,Bio of Artist_1584
Artist_1585,Bio of Artist_1585
Artist_1586,Bio of Artist_1586
Artist_1587,Bio of Artist_1587
Artist_1588,Bio of Artist_1588
Artist_1589,Bio of Artist_1589
Artist_1590,Bio of Artist_1590
Artist_1591,Bio of Artist_1591
Artist_1592,Bio of Artist_1592
Artist_1593,Bio of Artist_1593
Artist_1594,Bio of Artist_1594
Artist_1595,Bio of Artist_1595
Artist_1596,Bio of Artist_1596
Artist_1597,Bio of Artist_1597
Artist_1598,Bio of Artist_1598
Artist_1599,Bio of Artist_1599
Artist_1600,Bio of Artist_1600
Artist_1601,Bio of Artist_1601
Artist_1602,Bio of Artist_1602
Artist_1603,Bio of Artist_1603
Artist_1604,Bio of Artist_1604
Artist_1605,Bio of Artist_1605
Artist_1606,Bio of Artist_1606
Artist_1607,Bio of Artist_1607
Artist_1608,Bio of Artist_1608
Artist_1609,Bio of Artist_1609
Artist_1610,Bio of Artist_1610
Artist_1611,Bio of Artist_1611
Artist_1612,Bio of Artist_1612
Artist_1613,Bio of Artist_1613
Artist_1614,Bio of Artist_1614
Artist_1615,Bio of Artist_1615
Artist_1616,Bio of Artist_1616
Artist_1617,Bio of Artist_1617
Artist_1618,Bio of Artist_1618
Artist_1619,Bio of Artist_1619
Artist_1620,Bio of Artist_1620
Artist_1621,Bio of Artist_1621
Artist_1622,Bio of Artist_1622
Artist_1623,Bio of Artist_1623
Artist_1624,Bio of Artist_1624
Artist_1625,Bio of Artist_1625
Artist_1626,Bio of Artist_1626
Artist_1627,Bio of Artist_1627
Artist_1628,Bio of Artist_1628
Artist_1629,Bio of Artist_1629
Artist_1630,Bio of Artist_1630
Artist_1631,Bio of Artist_1631
Artist_1632,Bio of Artist_1632
Artist_1633,Bio of Artist_1633
Artist_1634,Bio of Artist_1634
Artist_1635,Bio of Artist_1635
Artist_1636,Bio of Artist_1636
Artist_1637,Bio of Artist_1637
Artist_1638,Bio of Artist_1638
Artist_1639,Bio of Artist_1639
Artist_1640,Bio of Artist_1640
Artist_1641,Bio of Artist_1641
Artist_1642,Bio of Artist_1642
Artist_1643,Bio of Artist_1643
Artist_1644,Bio of Artist_1644
Artist_1645,Bio of Artist_1645
Artist_1646,Bio of Artist_1646
Artist_1647,Bio of Artist_1647
Artist_1648,Bio of Artist_1648
Artist_1649,Bio of Artist_1649
Artist_1650,Bio of Artist_1650
Artist_1651,Bio of Artist_1651
Artist_1652,Bio of Artist_1652
Artist_1653,Bio of Artist_1653
Artist_1654,Bio of Artist_1654
Artist_1655,Bio of Artist_1655
Artist_1656,Bio of Artist_1656
Artist_1657,Bio of Artist_1657
Artist_1658,Bio of Artist_1658
Artist_1659,Bio of Artist_1659
Artist_1660,Bio of Artist_1660
Artist_1661,Bio of Artist_1661
Artist_1662,Bio of Artist_1662
Artist_1663,Bio of Artist_1663
Artist_1664,Bio of Artist_1664
Artist_1665,Bio of Artist_1665
Artist_1666,Bio of Artist_1666
Artist_1667,Bio of Artist_1667
Artist_1668,Bio of Artist_1668
Artist_1669,Bio of Artist_1669
Artist_1670,Bio of Artist_1670
Artist_1671,Bio of Artist_1671
Artist_1672,Bio of Artist_1672
Artist_1673,Bio of Artist_1673
Artist_1674,Bio of Artist_1674
Artist_1675,Bio of Artist_1675
Artist_1676,Bio of Artist_1676
Artist_1677,Bio of Artist_1677
Artist_1678,Bio of Artist_1678
Artist_1679,Bio of Artist_1679
Artist_1680,Bio of Artist_1680
Artist_1681,Bio of Artist_1681
Artist_1682,Bio of Artist_1682
Artist_1683,Bio of Artist_1683
Artist_1684,Bio of Artist_1684
Artist_1685,Bio of Artist_1685
Artist_1686,Bio of Artist_1686
Artist_1687,Bio of Artist_1687
Artist_1688,Bio of Artist_1688
Artist_1689,Bio of Artist_1689
Artist_1690,Bio of Artist_1690
Artist_1691,Bio of Artist_1691
Artist_1692,Bio of Artist_1692
Artist_1693,Bio of Artist_1693
Artist_1694,Bio of Artist_1694
Artist_1695,Bio of Artist_1695
Artist_1696,Bio of Artist_1696
Artist_1697,Bio of Artist_1697
Artist_1698,Bio of Artist_1698
Artist_1699,Bio of Artist_1699
Artist_1700,Bio of Artist_1700
Artist_1701,Bio of Artist_1701
Artist_1702,Bio of Artist_1702
Artist_1703,Bio of Artist_1703
Artist_1704,Bio of Artist_1704
Artist_1705,Bio of Artist_1705
Artist_1706,Bio of Artist_1706
Artist_1707,Bio of Artist_1707
Artist_1708,Bio of Artist_1708
Artist_1709,Bio of Artist_1709
Artist_1710,Bio of Artist_1710
Artist_1711,Bio of Artist_1711
Artist_1712,Bio of Artist_1712
Artist_1713,Bio of Artist_1713
Artist_1714,Bio of Artist_1714
Artist_1715,Bio of Artist_1715
Artist_1716,Bio of Artist_1716
Artist_1717,Bio of Artist_1717
Artist_1718,Bio of Artist_1718
Artist_1719,Bio of Artist_1719
Artist_1720,Bio of Artist_1720
Artist_1721,Bio of Artist_1721
Artist_1722,Bio of Artist_1722
Artist_1723,Bio of Artist_1723
Artist_1724,Bio of Artist_1724
Artist_1725,Bio of Artist_1725
Artist_1726,Bio of Artist_1726
Artist_1727,Bio of Artist_1727
Artist_1728,Bio of Artist_1728
Artist_1729,Bio of Artist_1729
Artist_1730,Bio of Artist_1730
Artist_1731,Bio of Artist_1731
Artist_1732,Bio of Artist_1732
Artist_1733,Bio of Artist_1733
Artist_1734,Bio of Artist_1734
Artist_1735,Bio of Artist_1735
Artist_1736,Bio of Artist_1736
Artist_1737,Bio of Artist_1737
Artist_1738,Bio of Artist_1738
Artist_1739,Bio of Artist_1739
Artist_1740,Bio of Artist_1740
Artist_1741,Bio of Artist_1741
Artist_1742,Bio of Artist_1742
Artist_1743,Bio of Artist_1743
Artist_1744,Bio of Artist_1744
Artist_1745,Bio of Artist_1745
Artist_1746,Bio of Artist_1746
Artist_1747,Bio of Artist_1747
Artist_1748,Bio of Artist_1748
Artist_1749,Bio of Artist_1749
Artist_1750,Bio of Artist_1750
Artist_1751,Bio of Artist_1751
Artist_1752,Bio of Artist_1752
Artist_1753,Bio of Artist_1753
Artist_1754,Bio of Artist_1754
Artist_1755,Bio of Artist_1755
Artist_1756,Bio of Artist_1756
Artist_1757,Bio of Artist_1757
Artist_1758,Bio of Artist_1758
Artist_1759,Bio of Artist_1759
Artist_1760,Bio of Artist_1760
Artist_1761,Bio of Artist_1761
Artist_1762,Bio of Artist_1762
Artist_1763,Bio of Artist_1763
Artist_1764,Bio of Artist_1764
Artist_1765,Bio of Artist_1765
Artist_1766,Bio of Artist_1766
Artist_1767,Bio of Artist_1767
Artist_1768,Bio of Artist_1768
Artist_1769,Bio of Artist_1769
Artist_1770,Bio of Artist_1770
Artist_1771,Bio of Artist_1771
Artist_1772,Bio of Artist_1772
Artist_1773,Bio of Artist_1773
Artist_1774,Bio of Artist_1774
Artist_1775,Bio of Artist_1775
Artist_1776,Bio of Artist_1776
Artist_1777,Bio of Artist_1777
Artist_1778,Bio of Artist_1778
Artist_1779,Bio of Artist_1779
Artist_1780,Bio of Artist_1780
Artist_1781,Bio of Artist_1781
Artist_1782,Bio of Artist_1782
Artist_1783,Bio of Artist_1783
Artist_1784,Bio of Artist_1784
Artist_1785,Bio of Artist_1785
Artist_1786,Bio of Artist_1786
Artist_1787,Bio of Artist_1787
Artist_1788,Bio of Artist_1788
Artist_1789,Bio of Artist_1789
Artist_1790,Bio of Artist_1790
Artist_1791,Bio of Artist_1791
Artist_1792,Bio of Artist_1792
Artist_1793,Bio of Artist_1793
Artist_1794,Bio of Artist_1794
Artist_1795,Bio of Artist_1795
Artist_1796,Bio of Artist_1796
Artist_1797,Bio of Artist_1797
Artist_1798,Bio of Artist_1798
Artist_1799,Bio of Artist_1799
Artist_1800,Bio of Artist_1800
Artist_1801,Bio of Artist_1801
Artist_1802,Bio of Artist_1802
Artist_1803,Bio of Artist_1803
Artist_1804,Bio of Artist_1804
Artist_1805,Bio of Artist_1805
Artist_1806,Bio of Artist_1806
Artist_1807,Bio of Artist_1807
Artist_1808,Bio of Artist_1808
Artist_1809,Bio of Artist_1809
Artist_1810,Bio of Artist_1810
Artist_1811,Bio of Artist_1811
Artist_1812,Bio of Artist_1812
Artist_1813,Bio of Artist_1813
Artist_1814,Bio of Artist_1814
Artist_1815,Bio of Artist_1815
Artist_1816,Bio of Artist_1816
Artist_1817,Bio of Artist_1817
Artist_1818,Bio of Artist_1818
Artist_1819,Bio of Artist_1819
Artist_1820,Bio of Artist_1820
Artist_1821,Bio of Artist_1821
Artist_1822,Bio of Artist_1822
Artist_1823,Bio of Artist_1823
Artist_1824,Bio of Artist_1824
Artist_1825,Bio of Artist_1825
Artist_1826,Bio of Artist_1826
Artist_1827,Bio of Artist_1827
Artist_1828,Bio of Artist_1828
Artist_1829,Bio of Artist_1829
Artist_1830,Bio of Artist_1830
Artist_1831,Bio of Artist_1831
Artist_1832,Bio of Artist_1832
Artist_1833,Bio of Artist_1833
Artist_1834,Bio of Artist_1834
Artist_1835,Bio of Artist_1835
Artist_1836,Bio of Artist_1836
Artist_1837,Bio of Artist_1837
Artist_1838,Bio of Artist_1838
Artist_1839,Bio of Artist_1839
Artist_1840,Bio of Artist_1840
Artist_1841,Bio of Artist_1841
Artist_1842,Bio of Artist_1842
Artist_1843,Bio of Artist_1843
Artist_1844,Bio of Artist_1844
Artist_1845,Bio of Artist_1845
Artist_1846,Bio of Artist_1846
Artist_1847,Bio of Artist_1847
Artist_1848,Bio of Artist_1848
Artist_1849,Bio of Artist_1849
Artist_1850,Bio of Artist_1850
Artist_1851,Bio of Artist_1851
Artist_1852,Bio of Artist_1852
Artist_1853,Bio of Artist_1853
Artist_1854,Bio of Artist_1854
Artist_1855,Bio of Artist_1855
Artist_1856,Bio of Artist_1856
Artist_1857,Bio of Artist_1857
Artist_1858,Bio of Artist_1858
Artist_1859,Bio of Artist_1859
Artist_1860,Bio of Artist_1860
Artist_1861,Bio of Artist_1861
Artist_1862,Bio of Artist_1862
Artist_1863,Bio of Artist_1863
Artist_1864,Bio of Artist_1864
Artist_1865,Bio of Artist_1865
Artist_1866,Bio of Artist_1866
Artist_1867,Bio of Artist_1867
Artist_1868,Bio of Artist_1868
Artist_1869,Bio of Artist_1869
Artist_1870,Bio of Artist_1870
Artist_1871,Bio of Artist_1871
Artist_1872,Bio of Artist_1872
Artist_1873,Bio of Artist_1873
Artist_1874,Bio of Artist_1874
Artist_1875,Bio of Artist_1875
Artist_1876,Bio of Artist_1876
Artist_1877,Bio of Artist_1877
Artist_1878,Bio of Artist_1878
Artist_1879,Bio of Artist_1879
Artist_1880,Bio of Artist_1880
Artist_1881,Bio of Artist_1881
Artist_1882,Bio of Artist_1882
Artist_1883,Bio of Artist_1883
Artist_1884,Bio of Artist_1884
Artist_1885,Bio of Artist_1885
Artist_1886,Bio of Artist_1886
Artist_1887,Bio of Artist_1887
Artist_1888,Bio of Artist_1888
Artist_1889,Bio of Artist_1889
Artist_1890,Bio of Artist_1890
Artist_1891,Bio of Artist_1891
Artist_1892,Bio of Artist_1892
Artist_1893,Bio of Artist_1893
Artist_1894,Bio of Artist_1894
Artist_1895,Bio of Artist_1895
Artist_1896,Bio of Artist_1896
Artist_1897,Bio of Artist_1897
Artist_1898,Bio of Artist_1898
Artist_1899,Bio of Artist_1899
Artist_1900,Bio of Artist_1900
Artist_1901,Bio of Artist_1901
Artist_1902,Bio of Artist_1902
Artist_1903,Bio of Artist_1903
Artist_1904,Bio of Artist_1904
Artist_1905,Bio of Artist_1905
Artist_1906,Bio of Artist_1906
Artist_1907,Bio of Artist_1907
Artist_1908,Bio of Artist_1908
Artist_1909,Bio of Artist_1909
Artist_1910,Bio of Artist_1910
Artist_1911,Bio of Artist_1911
Artist_1912,Bio of Artist_1912
Artist_1913,Bio of Artist_1913
Artist_1914,Bio of Artist_1914
Artist_1915,Bio of Artist_1915
Artist_1916,Bio of Artist_1916
Artist_1917,Bio of Artist_1917
Artist_1918,Bio of Artist_1918
Artist_1919,Bio of Artist_1919
Artist_1920,Bio of Artist_1920
Artist_1921,Bio of Artist_1921
Artist_1922,Bio of Artist_1922
Artist_1923,Bio of Artist_1923
Artist_1924,Bio of Artist_1924
Artist_1925,Bio of Artist_1925
Artist_1926,Bio of Artist_1926
Artist_1927,Bio of Artist_1927
Artist_1928,Bio of Artist_1928
Artist_1929,Bio of Artist_1929
Artist_1930,Bio of Artist_1930
Artist_1931,Bio of Artist_1931
Artist_1932,Bio of Artist_1932
Artist_1933,Bio of Artist_1933
Artist_1934,Bio of Artist_1934
Artist_1935,Bio of Artist_1935
Artist_1936,Bio of Artist_1936
Artist_1937,Bio of Artist_1937
Artist_1938,Bio of Artist_1938
Artist_1939,Bio of Artist_1939
Artist_1940,Bio of Artist_1940
Artist_1941,Bio of Artist_1941
Artist_1942,Bio of Artist_1942
Artist_1943,Bio of Artist_1943
Artist_1944,Bio of Artist_1944
Artist_1945,Bio of Artist_1945
Artist_1946,Bio of Artist_1946
Artist_1947,Bio of Artist_1947
Artist_1948,Bio of Artist_1948
Artist_1949,Bio of Artist_1949
Artist_1950,Bio of Artist_1950
Artist_1951,Bio of Artist_1951
Artist_1952,Bio of Artist_1952
Artist_1953,Bio of Artist_1953
Artist_1954,Bio of Artist_1954
Artist_1955,Bio of Artist_1955
Artist_1956,Bio of Artist_1956
Artist_1957,Bio of Artist_1957
Artist_1958,Bio of Artist_1958
Artist_1959,Bio of Artist_1959
Artist_1960,Bio of Artist_1960
Artist_1961,Bio of Artist_1961
Artist_1962,Bio of Artist_1962
Artist_1963,Bio of Artist_1963
Artist_1964,Bio of Artist_1964
Artist_1965,Bio of Artist_1965
Artist_1966,Bio of Artist_1966
Artist_1967,Bio of Artist_1967
Artist_1968,Bio of Artist_1968
Artist_1969,Bio of Artist_1969
Artist_1970,Bio of Artist_1970
Artist_1971,Bio of Artist_1971
Artist_1972,Bio of Artist_1972
Artist_1973,Bio of Artist_1973
Artist_1974,Bio of Artist_1974
Artist_1975,Bio of Artist_1975
Artist_1976,Bio of Artist_1976
Artist_1977,Bio of Artist_1977
Artist_1978,Bio of Artist_1978
Artist_1979,Bio of Artist_1979
Artist_1980,Bio of Artist_1980
Artist_1981,Bio of Artist_1981
Artist_1982,Bio of Artist_1982
Artist_1983,Bio of Artist_1983
Artist_1984,Bio of Artist_1984
Artist_1985,Bio of Artist_1985
Artist_1986,Bio of Artist_1986
Artist_1987,Bio of Artist_1987
Artist_1988,Bio of Artist_1988
Artist_1989,Bio of Artist_1989
Artist_1990,Bio of Artist_1990
Artist_1991,Bio of Artist_1991
Artist_1992,Bio of Artist_1992
Artist_1993,Bio of Artist_1993
Artist_1994,Bio of Artist_1994
Artist_1995,Bio of Artist_1995
Artist_1996,Bio of Artist_1996
Artist_1997,Bio of Artist_1997
Artist_1998,Bio of Artist_1998
Artist_1999,Bio of Artist_1999
Artist_2000,Bio of Artist_2000
Artist_2001,Bio of Artist_2001
Artist_2002,Bio of Artist_2002
Artist_2003,Bio of Artist_2003
Artist_2004,Bio of Artist_2004
Artist_2005,Bio of Artist_2005
Artist_2006,Bio of Artist_2006
Artist_2007,Bio of Artist_2007
Artist_2008,Bio of Artist_2008
Artist_2009,Bio of Artist_2009
Artist_2010,Bio of Artist_2010
Artist_2011,Bio of Artist_2011
Artist_2012,Bio of Artist_2012
Artist_2013,Bio of Artist_2013
Artist_2014,Bio of Artist_2014
Artist_2015,Bio of Artist_2015
Artist_2016,Bio of Artist_2016
Artist_2017,Bio of Artist_2017
Artist_2018,Bio of Artist_2018
Artist_2019,Bio of Artist_2019
Artist_2020,Bio of Artist_2020
Artist_2021,Bio of Artist_2021
Artist_2022,Bio of Artist_2022
Artist_2023,Bio of Artist_2023
Artist_2024,Bio of Artist_2024
Artist_2025,Bio of Artist_2025
Artist_2026,Bio of Artist_2026
Artist_2027,Bio of Artist_2027
Artist_2028,Bio of Artist_2028
Artist_2029,Bio of Artist_2029
Artist_2030,Bio of Artist_2030
Artist_2031,Bio of Artist_2031
Artist_2032,Bio of Artist_2032
Artist_2033,Bio of Artist_2033
Artist_2034,Bio of Artist_2034
Artist_2035,Bio of Artist_2035
Artist_2036,Bio of Artist_2036
Artist_2037,Bio of Artist_2037
Artist_2038,Bio of Artist_2038
Artist_2039,Bio of Artist_2039
Artist_2040,Bio of Artist_2040
Artist_2041,Bio of Artist_2041
Artist_2042,Bio of Artist_2042
Artist_2043,Bio of Artist_2043
Artist_2044,Bio of Artist_2044
Artist_2045,Bio of Artist_2045
Artist_2046,Bio of Artist_2046
Artist_2047,Bio of Artist_2047
Artist_2048,Bio of Artist_2048
Artist_2049,Bio of Artist_2049
Artist_2050,Bio of Artist_2050
Artist_2051,Bio of Artist_2051
Artist_2052,Bio of Artist_2052
Artist_2053,Bio of Artist_2053
Artist_2054,Bio of Artist_2054
Artist_2055,Bio of Artist_2055
Artist_2056,Bio of Artist_2056
Artist_2057,Bio of Artist_2057
Artist_2058,Bio of Artist_2058
Artist_2059,Bio of Artist_2059
Artist_2060,Bio of Artist_2060
Artist_2061,Bio of Artist_2061
Artist_2062,Bio of Artist_2062
Artist_2063,Bio of Artist_2063
Artist_2064,Bio of Artist_2064
Artist_2065,Bio of Artist_2065
Artist_2066,Bio of Artist_2066
Artist_2067,Bio of Artist_2067
Artist_2068,Bio of Artist_2068
Artist_2069,Bio of Artist_2069
Artist_2070,Bio of Artist_2070
Artist_2071,Bio of Artist_2071
Artist_2072,Bio of Artist_2072
Artist_2073,Bio of Artist_2073
Artist_2074,Bio of Artist_2074
Artist_2075,Bio of Artist_2075
Artist_2076,Bio of Artist_2076
Artist_2077,Bio of Artist_2077
Artist_2078,Bio of Artist_2078
Artist_2079,Bio of Artist_2079
Artist_2080,Bio of Artist_2080
Artist_2081,Bio of Artist_2081
Artist_2082,Bio of Artist_2082
Artist_2083,Bio of Artist_2083
Artist_2084,Bio of Artist_2084
Artist_2085,Bio of Artist_2085
Artist_2086,Bio of Artist_2086
Artist_2087,Bio of Artist_2087
Artist_2088,Bio of Artist_2088
Artist_2089,Bio of Artist_2089
Artist_2090,Bio of Artist_2090
Artist_2091,Bio of Artist_2091
Artist_2092,Bio of Artist_2092
Artist_2093,Bio of Artist_2093
Artist_2094,Bio of Artist_2094
Artist_2095,Bio of Artist_2095
Artist_2096,Bio of Artist_2096
Artist_2097,Bio of Artist_2097
Artist_2098,Bio of Artist_2098
Artist_2099,Bio of Artist_2099
Artist_2100,Bio of Artist_2100
Artist_2101,Bio of Artist_2101
Artist_2102,Bio of Artist_2102
Artist_2103,Bio of Artist_2103
Artist_2104,Bio of Artist_2104
Artist_2105,Bio of Artist_2105
Artist_2106,Bio of Artist_2106
Artist_2107,Bio of Artist_2107
Artist_2108,Bio of Artist_2108
Artist_2109,Bio of Artist_2109
Artist_2110,Bio of Artist_2110
Artist_2111,Bio of Artist_2111
Artist_2112,Bio of Artist_2112
Artist_2113,Bio of Artist_2113
Artist_2114,Bio of Artist_2114
Artist_2115,Bio of Artist_2115
Artist_2116,Bio of Artist_2116
Artist_2117,Bio of Artist_2117
Artist_2118,Bio of Artist_2118
Artist_2119,Bio of Artist_2119
Artist_2120,Bio of Artist_2120
Artist_2121,Bio of Artist_2121
Artist_2122,Bio of Artist_2122
Artist_2123,Bio of Artist_2123
Artist_2124,Bio of Artist_2124
Artist_2125,Bio of Artist_2125
Artist_2126,Bio of Artist_2126
Artist_2127,Bio of Artist_2127
Artist_2128,Bio of Artist_2128
Artist_2129,Bio of Artist_2129
Artist_2130,Bio of Artist_2130
Artist_2131,Bio of Artist_2131
Artist_2132,Bio of Artist_2132
Artist_2133,Bio of Artist_2133
Artist_2134,Bio of Artist_2134
Artist_2135,Bio of Artist_2135
Artist_2136,Bio of Artist_2136
Artist_2137,Bio of Artist_2137
Artist_2138,Bio of Artist_2138
Artist_2139,Bio of Artist_2139
Artist_2140,Bio of Artist_2140
Artist_2141,Bio of Artist_2141
Artist_2142,Bio of Artist_2142
Artist_2143,Bio of Artist_2143
Artist_2144,Bio of Artist_2144
Artist_2145,Bio of Artist_2145
Artist_2146,Bio of Artist_2146
Artist_2147,Bio of Artist_2147
Artist_2148,Bio of Artist_2148
Artist_2149,Bio of Artist_2149
Artist_2150,Bio of Artist_2150
Artist_2151,Bio of Artist_2151
Artist_2152,Bio of Artist_2152
Artist_2153,Bio of Artist_2153
Artist_2154,Bio of Artist_2154
Artist_2155,Bio of Artist_2155
Artist_2156,Bio of Artist_2156
Artist_2157,Bio of Artist_2157
Artist_2158,Bio of Artist_2158
Artist_2159,Bio of Artist_2159
Artist_2160,Bio of Artist_2160
Artist_2161,Bio of Artist_2161
Artist_2162,Bio of Artist_2162
Artist_2163,Bio of Artist_2163
Artist_2164,Bio of Artist_2164
Artist_2165,Bio of Artist_2165
Artist_2166,Bio of Artist_2166
Artist_2167,Bio of Artist_2167
Artist_2168,Bio of Artist_2168
Artist_2169,Bio of Artist_2169
Artist_2170,Bio of Artist_2170
Artist_2171,Bio of Artist_2171
Artist_2172,Bio of Artist_2172
Artist_2173,Bio of Artist_2173
Artist_2174,Bio of Artist_2174
Artist_2175,Bio of Artist_2175
Artist_2176,Bio of Artist_2176
Artist_2177,Bio of Artist_2177
Artist_2178,Bio of Artist_2178
Artist_2179,Bio of Artist_2179
Artist_2180,Bio of Artist_2180
Artist_2181,Bio of Artist_2181
Artist_2182,Bio of Artist_2182
Artist_2183,Bio of Artist_2183
Artist_2184,Bio of Artist_2184
Artist_2185,Bio of Artist_2185
Artist_2186,Bio of Artist_2186
Artist_2187,Bio of Artist_2187
Artist_2188,Bio of Artist_2188
Artist_2189,Bio of Artist_2189
Artist_2190,Bio of Artist_2190
Artist_2191,Bio of Artist_2191
Artist_2192,Bio of Artist_2192
Artist_2193,Bio of Artist_2193
Artist_2194,Bio of Artist_2194
Artist_2195,Bio of Artist_2195
Artist_2196,Bio of Artist_2196
Artist_2197,Bio of Artist_2197
Artist_2198,Bio of Artist_2198
Artist_2199,Bio of Artist_2199
Artist_2200,Bio of Artist_2200
Artist_2201,Bio of Artist_2201
Artist_2202,Bio of Artist_2202
Artist_2203,Bio of Artist_2203
Artist_2204,Bio of Artist_2204
Artist_2205,Bio of Artist_2205
Artist_2206,Bio of Artist_2206
Artist_2207,Bio of Artist_2207
Artist_2208,Bio of Artist_2208
Artist_2209,Bio of Artist_2209
Artist_2210,Bio of Artist_2210
Artist_2211,Bio of Artist_2211
Artist_2212,Bio of Artist_2212
Artist_2213,Bio of Artist_2213
Artist_2214,Bio of Artist_2214
Artist_2215,Bio of Artist_2215
Artist_2216,Bio of Artist_2216
Artist_2217,Bio of Artist_2217
Artist_2218,Bio of Artist_2218
Artist_2219,Bio of Artist_2219
Artist_2220,Bio of Artist_2220
Artist_2221,Bio of Artist_2221
Artist_2222,Bio of Artist_2222
Artist_2223,Bio of Artist_2223
Artist_2224,Bio of Artist_2224
Artist_2225,Bio of Artist_2225
Artist_2226,Bio of Artist_2226
Artist_2227,Bio of Artist_2227
Artist_2228,Bio of Artist_2228
Artist_2229,Bio of Artist_2229
Artist_2230,Bio of Artist_2230
Artist_2231,Bio of Artist_2231
Artist_2232,Bio of Artist_2232
Artist_2233,Bio of Artist_2233
Artist_2234,Bio of Artist_2234
Artist_2235,Bio of Artist_2235
Artist_2236,Bio of Artist_2236
Artist_2237,Bio of Artist_2237
Artist_2238,Bio of Artist_2238
Artist_2239,Bio of Artist_2239
Artist_2240,Bio of Artist_2240
Artist_2241,Bio of Artist_2241
Artist_2242,Bio of Artist_2242
Artist_2243,Bio of Artist_2243
Artist_2244,Bio of Artist_2244
Artist_2245,Bio of Artist_2245
Artist_2246,Bio of Artist_2246
Artist_2247,Bio of Artist_2247
Artist_2248,Bio of Artist_2248
Artist_2249,Bio of Artist_2249
Artist_2250,Bio of Artist_2250
Artist_2251,Bio of Artist_2251
Artist_2252,Bio of Artist_2252
Artist_2253,Bio of Artist_2253
Artist_2254,Bio of Artist_2254
Artist_2255,Bio of Artist_2255
Artist_2256,Bio of Artist_2256
Artist_2257,Bio of Artist_2257
Artist_2258,Bio of Artist_2258
Artist_2259,Bio of Artist_2259
Artist_2260,Bio of Artist_2260
Artist_2261,Bio of Artist_2261
Artist_2262,Bio of Artist_2262
Artist_2263,Bio of Artist_2263
Artist_2264,Bio of Artist_2264
Artist_2265,Bio of Artist_2265
Artist_2266,Bio of Artist_2266
Artist_2267,Bio of Artist_2267
Artist_2268,Bio of Artist_2268
Artist_2269,Bio of Artist_2269
Artist_2270,Bio of Artist_2270
Artist_2271,Bio of Artist_2271
Artist_2272,Bio of Artist_2272
Artist_2273,Bio of Artist_2273
Artist_2274,Bio of Artist_2274
Artist_2275,Bio of Artist_2275
Artist_2276,Bio of Artist_2276
Artist_2277,Bio of Artist_2277
Artist_2278,Bio of Artist_2278
Artist_2279,Bio of Artist_2279
Artist_2280,Bio of Artist_2280
Artist_2281,Bio of Artist_2281
Artist_2282,Bio of Artist_2282
Artist_2283,Bio of Artist_2283
Artist_2284,Bio of Artist_2284
Artist_2285,Bio of Artist_2285
Artist_2286,Bio of Artist_2286
Artist_2287,Bio of Artist_2287
Artist_2288,Bio of Artist_2288
Artist_2289,Bio of Artist_2289
Artist_2290,Bio of Artist_2290
Artist_2291,Bio of Artist_2291
Artist_2292,Bio of Artist_2292
Artist_2293,Bio of Artist_2293
Artist_2294,Bio of Artist_2294
Artist_2295,Bio of Artist_2295
Artist_2296,Bio of Artist_2296
Artist_2297,Bio of Artist_2297
Artist_2298,Bio of Artist_2298
Artist_2299,Bio of Artist_2299
Artist_2300,Bio of Artist_2300
Artist_2301,Bio of Artist_2301
Artist_2302,Bio of Artist_2302
Artist_2303,Bio of Artist_2303
Artist_2304,Bio of Artist_2304
Artist_2305,Bio of Artist_2305
Artist_2306,Bio of Artist_2306
Artist_2307,Bio of Artist_2307
Artist_2308,Bio of Artist_2308
Artist_2309,Bio of Artist_2309
Artist_2310,Bio of Artist_2310
Artist_2311,Bio of Artist_2311
Artist_2312,Bio of Artist_2312
Artist_2313,Bio of Artist_2313
Artist_2314,Bio of Artist_2314
Artist_2315,Bio of Artist_2315
Artist_2316,Bio of Artist_2316
Artist_2317,Bio of Artist_2317
Artist_2318,Bio of Artist_2318
Artist_2319,Bio of Artist_2319
Artist_2320,Bio of Artist_2320
Artist_2321,Bio of Artist_2321
Artist_2322,Bio of Artist_2322
Artist_2323,Bio of Artist_2323
Artist_2324,Bio of Artist_2324
Artist_2325,Bio of Artist_2325
Artist_2326,Bio of Artist_2326
Artist_2327,Bio of Artist_2327
Artist_2328,Bio of Artist_2328
Artist_2329,Bio of Artist_2329
Artist_2330,Bio of Artist_2330
Artist_2331,Bio of Artist_2331
Artist_2332,Bio of Artist_2332
Artist_2333,Bio of Artist_2333
Artist_2334,Bio of Artist_2334
Artist_2335,Bio of Artist_2335
Artist_2336,Bio of Artist_2336
Artist_2337,Bio of Artist_2337
Artist_2338,Bio of Artist_2338
Artist_2339,Bio of Artist_2339
Artist_2340,Bio of Artist_2340
Artist_2341,Bio of Artist_2341
Artist_2342,Bio of Artist_2342
Artist_2343,Bio of Artist_2343
Artist_2344,Bio of Artist_2344
Artist_2345,Bio of Artist_2345
Artist_2346,Bio of Artist_2346
Artist_2347,Bio of Artist_2347
Artist_2348,Bio of Artist_2348
Artist_2349,Bio of Artist_2349
Artist_2350,Bio of Artist_2350
Artist_2351,Bio of Artist_2351
Artist_2352,Bio of Artist_2352
Artist_2353,Bio of Artist_2353
Artist_2354,Bio of Artist_2354
Artist_2355,Bio of Artist_2355
Artist_2356,Bio of Artist_2356
Artist_2357,Bio of Artist_2357
Artist_2358,Bio of Artist_2358
Artist_2359,Bio of Artist_2359
Artist_2360,Bio of Artist_2360
Artist_2361,Bio of Artist_2361
Artist_2362,Bio of Artist_2362
Artist_2363,Bio of Artist_2363
Artist_2364,Bio of Artist_2364
Artist_2365,Bio of Artist_2365
Artist_2366,Bio of Artist_2366
Artist_2367,Bio of Artist_2367
Artist_2368,Bio of Artist_2368
Artist_2369,Bio of Artist_2369
Artist_2370,Bio of Artist_2370
Artist_2371,Bio of Artist_2371
Artist_2372,Bio of Artist_2372
Artist_2373,Bio of Artist_2373
Artist_2374,Bio of Artist_2374
Artist_2375,Bio of Artist_2375
Artist_2376,Bio of Artist_2376
Artist_2377,Bio of Artist_2377
Artist_2378,Bio of Artist_2378
Artist_2379,Bio of Artist_2379
Artist_2380,Bio of Artist_2380
Artist_2381,Bio of Artist_2381
Artist_2382,Bio of Artist_2382
Artist_2383,Bio of Artist_2383
Artist_2384,Bio of Artist_2384
Artist_2385,Bio of Artist_2385
Artist_2386,Bio of Artist_2386
Artist_2387,Bio of Artist_2387
Artist_2388,Bio of Artist_2388
Artist_2389,Bio of Artist_2389
Artist_2390,Bio of Artist_2390
Artist_2391,Bio of Artist_2391
Artist_2392,Bio of Artist_2392
Artist_2393,Bio of Artist_2393
Artist_2394,Bio of Artist_2394
Artist_2395,Bio of Artist_2395
Artist_2396,Bio of Artist_2396
Artist_2397,Bio of Artist_2397
Artist_2398,Bio of Artist_2398
Artist_2399,Bio of Artist_2399
Artist_2400,Bio of Artist_2400
Artist_2401,Bio of Artist_2401
Artist_2402,Bio of Artist_2402
Artist_2403,Bio of Artist_2403
Artist_2404,Bio of Artist_2404
Artist_2405,Bio of Artist_2405
Artist_2406,Bio of Artist_2406
Artist_2407,Bio of Artist_2407
Artist_2408,Bio of Artist_2408
Artist_2409,Bio of Artist_2409
Artist_2410,Bio of Artist_2410
Artist_2411,Bio of Artist_2411
Artist_2412,Bio of Artist_2412
Artist_2413,Bio of Artist_2413
Artist_2414,Bio of Artist_2414
Artist_2415,Bio of Artist_2415
Artist_2416,Bio of Artist_2416
Artist_2417,Bio of Artist_2417
Artist_2418,Bio of Artist_2418
Artist_2419,Bio of Artist_2419
Artist_2420,Bio of Artist_2420
Artist_2421,Bio of Artist_2421
Artist_2422,Bio of Artist_2422
Artist_2423,Bio of Artist_2423
Artist_2424,Bio of Artist_2424
Artist_2425,Bio of Artist_2425
Artist_2426,Bio of Artist_2426
Artist_2427,Bio of Artist_2427
Artist_2428,Bio of Artist_2428
Artist_2429,Bio of Artist_2429
Artist_2430,Bio of Artist_2430
Artist_2431,Bio of Artist_2431
Artist_2432,Bio of Artist_2432
Artist_2433,Bio of Artist_2433
Artist_2434,Bio of Artist_2434
Artist_2435,Bio of Artist_2435
Artist_2436,Bio of Artist_2436
Artist_2437,Bio of Artist_2437
Artist_2438,Bio of Artist_2438
Artist_2439,Bio of Artist_2439
Artist_2440,Bio of Artist_2440
Artist_2441,Bio of Artist_2441
Artist_2442,Bio of Artist_2442
Artist_2443,Bio of Artist_2443
Artist_2444,Bio of Artist_2444
Artist_2445,Bio of Artist_2445
Artist_2446,Bio of Artist_2446
Artist_2447,Bio of Artist_2447
Artist_2448,Bio of Artist_2448
Artist_2449,Bio of Artist_2449
Artist_2450,Bio of Artist_2450
Artist_2451,Bio of Artist_2451
Artist_2452,Bio of Artist_2452
Artist_2453,Bio of Artist_2453
Artist_2454,Bio of Artist_2454
Artist_2455,Bio of Artist_2455
Artist_2456,Bio of Artist_2456
Artist_2457,Bio of Artist_2457
Artist_2458,Bio of Artist_2458
Artist_2459,Bio of Artist_2459
Artist_2460,Bio of Artist_2460
Artist_2461,Bio of Artist_2461
Artist_2462,Bio of Artist_2462
Artist_2463,Bio of Artist_2463
Artist_2464,Bio of Artist_2464
Artist_2465,Bio of Artist_2465
Artist_2466,Bio of Artist_2466
Artist_2467,Bio of Artist_2467
Artist_2468,Bio of Artist_2468
Artist_2469,Bio of Artist_2469
Artist_2470,Bio of Artist_2470
Artist_2471,Bio of Artist_2471
Artist_2472,Bio of Artist_2472
Artist_2473,Bio of Artist_2473
Artist_2474,Bio of Artist_2474
Artist_2475,Bio of Artist_2475
Artist_2476,Bio of Artist_2476
Artist_2477,Bio of Artist_2477
Artist_2478,Bio of Artist_2478
Artist_2479,Bio of Artist_2479
Artist_2480,Bio of Artist_2480
Artist_2481,Bio of Artist_2481
Artist_2482,Bio of Artist_2482
Artist_2483,Bio of Artist_2483
Artist_2484,Bio of Artist_2484
Artist_2485,Bio of Artist_2485
Artist_2486,Bio of Artist_2486
Artist_2487,Bio of Artist_2487
Artist_2488,Bio of Artist_2488
Artist_2489,Bio of Artist_2489
Artist_2490,Bio of Artist_2490
Artist_2491,Bio of Artist_2491
Artist_2492,Bio of Artist_2492
Artist_2493,Bio of Artist_2493
Artist_2494,Bio of Artist_2494
Artist_2495,Bio of Artist_2495
Artist_2496,Bio of Artist_2496
Artist_2497,Bio of Artist_2497
Artist_2498,Bio of Artist_2498
Artist_2499,Bio of Artist_2499
Artist_2500,Bio of Artist_2500
Artist_2501,Bio of Artist_2501
Artist_2502,Bio of Artist_2502
Artist_2503,Bio of Artist_2503
Artist_2504,Bio of Artist_2504
Artist_2505,Bio of Artist_2505
Artist_2506,Bio of Artist_2506
Artist_2507,Bio of Artist_2507
Artist_2508,Bio of Artist_2508
Artist_2509,Bio of Artist_2509
Artist_2510,Bio of Artist_2510
Artist_2511,Bio of Artist_2511
Artist_2512,Bio of Artist_2512
Artist_2513,Bio of Artist_2513
Artist_2514,Bio of Artist_2514
Artist_2515,Bio of Artist_2515
Artist_2516,Bio of Artist_2516
Artist_2517,Bio of Artist_2517
Artist_2518,Bio of Artist_2518
Artist_2519,Bio of Artist_2519
Artist_2520,Bio of Artist_2520
Artist_2521,Bio of Artist_2521
Artist_2522,Bio of Artist_2522
Artist_2523,Bio of Artist_2523
Artist_2524,Bio of Artist_2524
Artist_2525,Bio of Artist_2525
Artist_2526,Bio of Artist_2526
Artist_2527,Bio of Artist_2527
Artist_2528,Bio of Artist_2528
Artist_2529,Bio of Artist_2529
Artist_2530,Bio of Artist_2530
Artist_2531,Bio of Artist_2531
Artist_2532,Bio of Artist_2532
Artist_2533,Bio of Artist_2533
Artist_2534,Bio of Artist_2534
Artist_2535,Bio of Artist_2535
Artist_2536,Bio of Artist_2536
Artist_2537,Bio of Artist_2537
Artist_2538,Bio of Artist_2538
Artist_2539,Bio of Artist_2539
Artist_2540,Bio of Artist_2540
Artist_2541,Bio of Artist_2541
Artist_2542,Bio of Artist_2542
Artist_2543,Bio of Artist_2543
Artist_2544,Bio of Artist_2544
Artist_2545,Bio of Artist_2545
Artist_2546,Bio of Artist_2546
Artist_2547,Bio of Artist_2547
Artist_2548,Bio of Artist_2548
Artist_2549,Bio of Artist_2549
Artist_2550,Bio of Artist_2550
Artist_2551,Bio of Artist_2551
Artist_2552,Bio of Artist_2552
Artist_2553,Bio of Artist_2553
Artist_2554,Bio of Artist_2554
Artist_2555,Bio of Artist_2555
Artist_2556,Bio of Artist_2556
Artist_2557,Bio of Artist_2557
Artist_2558,Bio of Artist_2558
Artist_2559,Bio of Artist_2559
Artist_2560,Bio of Artist_2560
Artist_2561,Bio of Artist_2561
Artist_2562,Bio of Artist_2562
Artist_2563,Bio of Artist_2563
Artist_2564,Bio of Artist_2564
Artist_2565,Bio of Artist_2565
Artist_2566,Bio of Artist_2566
Artist_2567,Bio of Artist_2567
Artist_2568,Bio of Artist_2568
Artist_2569,Bio of Artist_2569
Artist_2570,Bio of Artist_2570
Artist_2571,Bio of Artist_2571
Artist_2572,Bio of Artist_2572
Artist_2573,Bio of Artist_2573
Artist_2574,Bio of Artist_2574
Artist_2575,Bio of Artist_2575
Artist_2576,Bio of Artist_2576
Artist_2577,Bio of Artist_2577
Artist_2578,Bio of Artist_2578
Artist_2579,Bio of Artist_2579
Artist_2580,Bio of Artist_2580
Artist_2581,Bio of Artist_2581
Artist_2582,Bio of Artist_2582
Artist_2583,Bio of Artist_2583
Artist_2584,Bio of Artist_2584
Artist_2585,Bio of Artist_2585
Artist_2586,Bio of Artist_2586
Artist_2587,Bio of Artist_2587
Artist_2588,Bio of Artist_2588
Artist_2589,Bio of Artist_2589
Artist_2590,Bio of Artist_2590
Artist_2591,Bio of Artist_2591
Artist_2592,Bio of Artist_2592
Artist_2593,Bio of Artist_2593
Artist_2594,Bio of Artist_2594
Artist_2595,Bio of Artist_2595
Artist_2596,Bio of Artist_2596
Artist_2597,Bio of Artist_2597
Artist_2598,Bio of Artist_2598
Artist_2599,Bio of Artist_2599
Artist_2600,Bio of Artist_2600
Artist_2601,Bio of Artist_2601
Artist_2602,Bio of Artist_2602
Artist_2603,Bio of Artist_2603
Artist_2604,Bio of Artist_2604
Artist_2605,Bio of Artist_2605
Artist_2606,Bio of Artist_2606
Artist_2607,Bio of Artist_2607
Artist_2608,Bio of Artist_2608
Artist_2609,Bio of Artist_2609
Artist_2610,Bio of Artist_2610
Artist_2611,Bio of Artist_2611
Artist_2612,Bio of Artist_2612
Artist_2613,Bio of Artist_2613
Artist_2614,Bio of Artist_2614
Artist_2615,Bio of Artist_2615
Artist_2616,Bio of Artist_2616
Artist_2617,Bio of Artist_2617
Artist_2618,Bio of Artist_2618
Artist_2619,Bio of Artist_2619
Artist_2620,Bio of Artist_2620
Artist_2621,Bio of Artist_2621
Artist_2622,Bio of Artist_2622
Artist_2623,Bio of Artist_2623
Artist_2624,Bio of Artist_2624
Artist_2625,Bio of Artist_2625
Artist_2626,Bio of Artist_2626
Artist_2627,Bio of Artist_2627
Artist_2628,Bio of Artist_2628
Artist_2629,Bio of Artist_2629
Artist_2630,Bio of Artist_2630
Artist_2631,Bio of Artist_2631
Artist_2632,Bio of Artist_2632
Artist_2633,Bio of Artist_2633
Artist_2634,Bio of Artist_2634
Artist_2635,Bio of Artist_2635
Artist_2636,Bio of Artist_2636
Artist_2637,Bio of Artist_2637
Artist_2638,Bio of Artist_2638
Artist_2639,Bio of Artist_2639
Artist_2640,Bio of Artist_2640
Artist_2641,Bio of Artist_2641
Artist_2642,Bio of Artist_2642
Artist_2643,Bio of Artist_2643
Artist_2644,Bio of Artist_2644
Artist_2645,Bio of Artist_2645
Artist_2646,Bio of Artist_2646
Artist_2647,Bio of Artist_2647
Artist_2648,Bio of Artist_2648
Artist_2649,Bio of Artist_2649
Artist_2650,Bio of Artist_2650
Artist_2651,Bio of Artist_2651
Artist_2652,Bio of Artist_2652
Artist_2653,Bio of Artist_2653
Artist_2654,Bio of Artist_2654
Artist_2655,Bio of Artist_2655
Artist_2656,Bio of Artist_2656
Artist_2657,Bio of Artist_2657
Artist_2658,Bio of Artist_2658
Artist_2659,Bio of Artist_2659
Artist_2660,Bio of Artist_2660
Artist_2661,Bio of Artist_2661
Artist_2662,Bio of Artist_2662
Artist_2663,Bio of Artist_2663
Artist_2664,Bio of Artist_2664
Artist_2665,Bio of Artist_2665
Artist_2666,Bio of Artist_2666
Artist_2667,Bio of Artist_2667
Artist_2668,Bio of Artist_2668
Artist_2669,Bio of Artist_2669
Artist_2670,Bio of Artist_2670
Artist_2671,Bio of Artist_2671
Artist_2672,Bio of Artist_2672
Artist_2673,Bio of Artist_2673
Artist_2674,Bio of Artist_2674
Artist_2675,Bio of Artist_2675
Artist_2676,Bio of Artist_2676
Artist_2677,Bio of Artist_2677
Artist_2678,Bio of Artist_2678
Artist_2679,Bio of Artist_2679
Artist_2680,Bio of Artist_2680
Artist_2681,Bio of Artist_2681
Artist_2682,Bio of Artist_2682
Artist_2683,Bio of Artist_2683
Artist_2684,Bio of Artist_2684
Artist_2685,Bio of Artist_2685
Artist_2686,Bio of Artist_2686
Artist_2687,Bio of Artist_2687
Artist_2688,Bio of Artist_2688
Artist_2689,Bio of Artist_2689
Artist_2690,Bio of Artist_2690
Artist_2691,Bio of Artist_2691
Artist_2692,Bio of Artist_2692
Artist_2693,Bio of Artist_2693
Artist_2694,Bio of Artist_2694
Artist_2695,Bio of Artist_2695
Artist_2696,Bio of Artist_2696
Artist_2697,Bio of Artist_2697
Artist_2698,Bio of Artist_2698
Artist_2699,Bio of Artist_2699
Artist_2700,Bio of Artist_2700
Artist_2701,Bio of Artist_2701
Artist_2702,Bio of Artist_2702
Artist_2703,Bio of Artist_2703
Artist_2704,Bio of Artist_2704
Artist_2705,Bio of Artist_2705
Artist_2706,Bio of Artist_2706
Artist_2707,Bio of Artist_2707
Artist_2708,Bio of Artist_2708
Artist_2709,Bio of Artist_2709
Artist_2710,Bio of Artist_2710
Artist_2711,Bio of Artist_2711
Artist_2712,Bio of Artist_2712
Artist_2713,Bio of Artist_2713
Artist_2714,Bio of Artist_2714
Artist_2715,Bio of Artist_2715
Artist_2716,Bio of Artist_2716
Artist_2717,Bio of Artist_2717
Artist_2718,Bio of Artist_2718
Artist_2719,Bio of Artist_2719
Artist_2720,Bio of Artist_2720
Artist_2721,Bio of Artist_2721
Artist_2722,Bio of Artist_2722
Artist_2723,Bio of Artist_2723
Artist_2724,Bio of Artist_2724
Artist_2725,Bio of Artist_2725
Artist_2726,Bio of Artist_2726
Artist_2727,Bio of Artist_2727
Artist_2728,Bio of Artist_2728
Artist_2729,Bio of Artist_2729
Artist_2730,Bio of Artist_2730
Artist_2731,Bio of Artist_2731
Artist_2732,Bio of Artist_2732
Artist_2733,Bio of Artist_2733
Artist_2734,Bio of Artist_2734
Artist_2735,Bio of Artist_2735
Artist_2736,Bio of Artist_2736
Artist_2737,Bio of Artist_2737
Artist_2738,Bio of Artist_2738
Artist_2739,Bio of Artist_2739
Artist_2740,Bio of Artist_2740
Artist_2741,Bio of Artist_2741
Artist_2742,Bio of Artist_2742
Artist_2743,Bio of Artist_2743
Artist_2744,Bio of Artist_2744
Artist_2745,Bio of Artist_2745
Artist_2746,Bio of Artist_2746
Artist_2747,Bio of Artist_2747
Artist_2748,Bio of Artist_2748
Artist_2749,Bio of Artist_2749
Artist_2750,Bio of Artist_2750
Artist_2751,Bio of Artist_2751
Artist_2752,Bio of Artist_2752
Artist_2753,Bio of Artist_2753
Artist_2754,Bio of Artist_2754
Artist_2755,Bio of Artist_2755
Artist_2756,Bio of Artist_2756
Artist_2757,Bio of Artist_2757
Artist_2758,Bio of Artist_2758
Artist_2759,Bio of Artist_2759
Artist_2760,Bio of Artist_2760
Artist_2761,Bio of Artist_2761
Artist_2762,Bio of Artist_2762
Artist_2763,Bio of Artist_2763
Artist_2764,Bio of Artist_2764
Artist_2765,Bio of Artist_2765
Artist_2766,Bio of Artist_2766
Artist_2767,Bio of Artist_2767
Artist_2768,Bio of Artist_2768
Artist_2769,Bio of Artist_2769
Artist_2770,Bio of Artist_2770
Artist_2771,Bio of Artist_2771
Artist_2772,Bio of Artist_2772
Artist_2773,Bio of Artist_2773
Artist_2774,Bio of Artist_2774
Artist_2775,Bio of Artist_2775
Artist_2776,Bio of Artist_2776
Artist_2777,Bio of Artist_2777
Artist_2778,Bio of Artist_2778
Artist_2779,Bio of Artist_2779
Artist_2780,Bio of Artist_2780
Artist_2781,Bio of Artist_2781
Artist_2782,Bio of Artist_2782
Artist_2783,Bio of Artist_2783
Artist_2784,Bio of Artist_2784
Artist_2785,Bio of Artist_2785
Artist_2786,Bio of Artist_2786
Artist_2787,Bio of Artist_2787
Artist_2788,Bio of Artist_2788
Artist_2789,Bio of Artist_2789
Artist_2790,Bio of Artist_2790
Artist_2791,Bio of Artist_2791
Artist_2792,Bio of Artist_2792
Artist_2793,Bio of Artist_2793
Artist_2794,Bio of Artist_2794
Artist_2795,Bio of Artist_2795
Artist_2796,Bio of Artist_2796
Artist_2797,Bio of Artist_2797
Artist_2798,Bio of Artist_2798
Artist_2799,Bio of Artist_2799
Artist_2800,Bio of Artist_2800
Artist_2801,Bio of Artist_2801
Artist_2802,Bio of Artist_2802
Artist_2803,Bio of Artist_2803
Artist_2804,Bio of Artist_2804
Artist_2805,Bio of Artist_2805
Artist_2806,Bio of Artist_2806
Artist_2807,Bio of Artist_2807
Artist_2808,Bio of Artist_2808
Artist_2809,Bio of Artist_2809
Artist_2810,Bio of Artist_2810
Artist_2811,Bio of Artist_2811
Artist_2812,Bio of Artist_2812
Artist_2813,Bio of Artist_2813
Artist_2814,Bio of Artist_2814
Artist_2815,Bio of Artist_2815
Artist_2816,Bio of Artist_2816
Artist_2817,Bio of Artist_2817
Artist_2818,Bio of Artist_2818
Artist_2819,Bio of Artist_2819
Artist_2820,Bio of Artist_2820
Artist_2821,Bio of Artist_2821
Artist_2822,Bio of Artist_2822
Artist_2823,Bio of Artist_2823
Artist_2824,Bio of Artist_2824
Artist_2825,Bio of Artist_2825
Artist_2826,Bio of Artist_2826
Artist_2827,Bio of Artist_2827
Artist_2828,Bio of Artist_2828
Artist_2829,Bio of Artist_2829
Artist_2830,Bio of Artist_2830
Artist_2831,Bio of Artist_2831
Artist_2832,Bio of Artist_2832
Artist_2833,Bio of Artist_2833
Artist_2834,Bio of Artist_2834
Artist_2835,Bio of Artist_2835
Artist_2836,Bio of Artist_2836
Artist_2837,Bio of Artist_2837
Artist_2838,Bio of Artist_2838
Artist_2839,Bio of Artist_2839
Artist_2840,Bio of Artist_2840
Artist_2841,Bio of Artist_2841
Artist_2842,Bio of Artist_2842
Artist_2843,Bio of Artist_2843
Artist_2844,Bio of Artist_2844
Artist_2845,Bio of Artist_2845
Artist_2846,Bio of Artist_2846
Artist_2847,Bio of Artist_2847
Artist_2848,Bio of Artist_2848
Artist_2849,Bio of Artist_2849
Artist_2850,Bio of Artist_2850
Artist_2851,Bio of Artist_2851
Artist_2852,Bio of Artist_2852
Artist_2853,Bio of Artist_2853
Artist_2854,Bio of Artist_2854
Artist_2855,Bio of Artist_2855
Artist_2856,Bio of Artist_2856
Artist_2857,Bio of Artist_2857
Artist_2858,Bio of Artist_2858
Artist_2859,Bio of Artist_2859
Artist_2860,Bio of Artist_2860
Artist_2861,Bio of Artist_2861
Artist_2862,Bio of Artist_2862
Artist_2863,Bio of Artist_2863
Artist_2864,Bio of Artist_2864
Artist_2865,Bio of Artist_2865
Artist_2866,Bio of Artist_2866
Artist_2867,Bio of Artist_2867
Artist_2868,Bio of Artist_2868
Artist_2869,Bio of Artist_2869
Artist_2870,Bio of Artist_2870
Artist_2871,Bio of Artist_2871
Artist_2872,Bio of Artist_2872
Artist_2873,Bio of Artist_2873
Artist_2874,Bio of Artist_2874
Artist_2875,Bio of Artist_2875
Artist_2876,Bio of Artist_2876
Artist_2877,Bio of Artist_2877
Artist_2878,Bio of Artist_2878
Artist_2879,Bio of Artist_2879
Artist_2880,Bio of Artist_2880
Artist_2881,Bio of Artist_2881
Artist_2882,Bio of Artist_2882
Artist_2883,Bio of Artist_2883
Artist_2884,Bio of Artist_2884
Artist_2885,Bio of Artist_2885
Artist_2886,Bio of Artist_2886
Artist_2887,Bio of Artist_2887
Artist_2888,Bio of Artist_2888
Artist_2889,Bio of Artist_2889
Artist_2890,Bio of Artist_2890
Artist_2891,Bio of Artist_2891
Artist_2892,Bio of Artist_2892
Artist_2893,Bio of Artist_2893
Artist_2894,Bio of Artist_2894
Artist_2895,Bio of Artist_2895
Artist_2896,Bio of Artist_2896
Artist_2897,Bio of Artist_2897
Artist_2898,Bio of Artist_2898
Artist_2899,Bio of Artist_2899
Artist_2900,Bio of Artist_2900
Artist_2901,Bio of Artist_2901
Artist_2902,Bio of Artist_2902
Artist_2903,Bio of Artist_2903
Artist_2904,Bio of Artist_2904
Artist_2905,Bio of Artist_2905
Artist_2906,Bio of Artist_2906
Artist_2907,Bio of Artist_2907
Artist_2908,Bio of Artist_2908
Artist_2909,Bio of Artist_2909
Artist_2910,Bio of Artist_2910
Artist_2911,Bio of Artist_2911
Artist_2912,Bio of Artist_2912
Artist_2913,Bio of Artist_2913
Artist_2914,Bio of Artist_2914
Artist_2915,Bio of Artist_2915
Artist_2916,Bio of Artist_2916
Artist_2917,Bio of Artist_2917
Artist_2918,Bio of Artist_2918
Artist_2919,Bio of Artist_2919
Artist_2920,Bio of Artist_2920
Artist_2921,Bio of Artist_2921
Artist_2922,Bio of Artist_2922
Artist_2923,Bio of Artist_2923
Artist_2924,Bio of Artist_2924
Artist_2925,Bio of Artist_2925
Artist_2926,Bio of Artist_2926
Artist_2927,Bio of Artist_2927
Artist_2928,Bio of Artist_2928
Artist_2929,Bio of Artist_2929
Artist_2930,Bio of Artist_2930
Artist_2931,Bio of Artist_2931
Artist_2932,Bio of Artist_2932
Artist_2933,Bio of Artist_2933
Artist_2934,Bio of Artist_2934
Artist_2935,Bio of Artist_2935
Artist_2936,Bio of Artist_2936
Artist_2937,Bio of Artist_2937
Artist_2938,Bio of Artist_2938
Artist_2939,Bio of Artist_2939
Artist_2940,Bio of Artist_2940
Artist_2941,Bio of Artist_2941
Artist_2942,Bio of Artist_2942
Artist_2943,Bio of Artist_2943
Artist_2944,Bio of Artist_2944
Artist_2945,Bio of Artist_2945
Artist_2946,Bio of Artist_2946
Artist_2947,Bio of Artist_2947
Artist_2948,Bio of Artist_2948
Artist_2949,Bio of Artist_2949
Artist_2950,Bio of Artist_2950
Artist_2951,Bio of Artist_2951
Artist_2952,Bio of Artist_2952
Artist_2953,Bio of Artist_2953
Artist_2954,Bio of Artist_2954
Artist_2955,Bio of Artist_2955
Artist_2956,Bio of Artist_2956
Artist_2957,Bio of Artist_2957
Artist_2958,Bio of Artist_2958
Artist_2959,Bio of Artist_2959
Artist_2960,Bio of Artist_2960
Artist_2961,Bio of Artist_2961
Artist_2962,Bio of Artist_2962
Artist_2963,Bio of Artist_2963
Artist_2964,Bio of Artist_2964
Artist_2965,Bio of Artist_2965
Artist_2966,Bio of Artist_2966
Artist_2967,Bio of Artist_2967
Artist_2968,Bio of Artist_2968
Artist_2969,Bio of Artist_2969
Artist_2970,Bio of Artist_2970
Artist_2971,Bio of Artist_2971
Artist_2972,Bio of Artist_2972
Artist_2973,Bio of Artist_2973
Artist_2974,Bio of Artist_2974
Artist_2975,Bio of Artist_2975
Artist_2976,Bio of Artist_2976
Artist_2977,Bio of Artist_2977
Artist_2978,Bio of Artist_2978
Artist_2979,Bio of Artist_2979
Artist_2980,Bio of Artist_2980
Artist_2981,Bio of Artist_2981
Artist_2982,Bio of Artist_2982
Artist_2983,Bio of Artist_2983
Artist_2984,Bio of Artist_2984
Artist_2985,Bio of Artist_2985
Artist_2986,Bio of Artist_2986
Artist_2987,Bio of Artist_2987
Artist_2988,Bio of Artist_2988
Artist_2989,Bio of Artist_2989
Artist_2990,Bio of Artist_2990
Artist_2991,Bio of Artist_2991
Artist_2992,Bio of Artist_2992
Artist_2993,Bio of Artist_2993
Artist_2994,Bio of Artist_2994
Artist_2995,Bio of Artist_2995
Artist_2996,Bio of Artist_2996
Artist_2997,Bio of Artist_2997
Artist_2998,Bio of Artist_2998
Artist_2999,Bio of Artist_2999
