name,username,songTitle,artistName,albumTitle
Playlist_0,user_0,Song_0,Artist_0,Album_0
Playlist_1,user_1,Song_1,Artist_1,Album_1
Playlist_2,user_2,Song_2,Artist_2,Album_2
Playlist_3,user_3,Song_3,Artist_3,Album_3
Playlist_4,user_4,Song_4,Artist_4,Album_4
Playlist_5,user_5,Song_5,Artist_5,Album_5
Playlist_6,user_6,Song_6,Artist_6,Album_6
Playlist_7,user_7,Song_7,Artist_7,Album_7
Playlist_8,user_8,Song_8,Artist_8,Album_8
Playlist_9,user_9,Song_9,Artist_9,Album_9
Playlist_10,user_10,Song_10,Artist_10,Album_10
Playlist_11,user_11,Song_11,Artist_11,Album_11
Playlist_12,user_12,Song_12,Artist_12,Album_12
Playlist_13,user_13,Song_13,Artist_13,Album_13
Playlist_14,user_14,Song_14,Artist_14,Album_14
Playlist_15,user_15,Song_15,Artist_15,Album_15
Playlist_16,user_16,Song_16,Artist_16,Album_16
Playlist_17,user_17,Song_17,Artist_17,Album_17
Playlist_18,user_18,Song_18,Artist_18,Album_18
Playlist_19,user_19,Song_19,Artist_19,Album_19
Playlist_20,user_20,Song_20,Artist_20,Album_20
Playlist_21,user_21,Song_21,Artist_21,Album_21
Playlist_22,user_22,Song_22,Artist_22,Album_22
Playlist_23,user_23,Song_23,Artist_23,Album_23
Playlist_24,user_24,Song_24,Artist_24,Album_24
Playlist_25,user_25,Song_25,Artist_25,Album_25
Playlist_26,user_26,Song_26,Artist_26,Album_26
Playlist_27,user_27,Song_27,Artist_27,Album_27
Playlist_28,user_28,Song_28,Artist_28,Album_28
Playlist_29,user_29,Song_29,Artist_29,Album_29
Playlist_30,user_30,Song_30,Artist_30,Album_30
Playlist_31,user_31,Song_31,Artist_31,Album_31
Playlist_32,user_32,Song_32,Artist_32,Album_32
Playlist_33,user_33,Song_33,Artist_33,Album_33
Playlist_34,user_34,Song_34,Artist_34,Album_34
Playlist_35,user_35,Song_35,Artist_35,Album_35
Playlist_36,user_36,Song_36,Artist_36,Album_36
Playlist_37,user_37,Song_37,Artist_37,Album_37
Playlist_38,user_38,Song_38,Artist_38,Album_38
Playlist_39,user_39,Song_39,Artist_39,Album_39
Playlist_40,user_40,Song_40,Artist_40,Album_40
Playlist_41,user_41,Song_41,Artist_41,Album_41
Playlist_42,user_42,Song_42,Artist_42,Album_42
Playlist_43,user_43,Song_43,Artist_43,Album_43
Playlist_44,user_44,Song_44,Artist_44,Album_44
Playlist_45,user_45,Song_45,Artist_45,Album_45
Playlist_46,user_46,Song_46,Artist_46,Album_46
Playlist_47,user_47,Song_47,Artist_47,Album_47
Playlist_48,user_48,Song_48,Artist_48,Album_48
Playlist_49,user_49,Song_49,Artist_49,Album_49
Playlist_50,user_50,Song_50,Artist_50,Album_50
Playlist_51,user_51,Song_51,Artist_51,Album_51
Playlist_52,user_52,Song_52,Artist_52,Album_52
Playlist_53,user_53,Song_53,Artist_53,Album_53
Playlist_54,user_54,Song_54,Artist_54,Album_54
Playlist_55,user_55,Song_55,Artist_55,Album_55
Playlist_56,user_56,Song_56,Artist_56,Album_56
Playlist_57,user_57,Song_57,Artist_57,Album_57
Playlist_58,user_58,Song_58,Artist_58,Album_58
Playlist_59,user_59,Song_59,Artist_59,Album_59
Playlist_60,user_60,Song_60,Artist_60,Album_60
Playlist_61,user_61,Song_61,Artist_61,Album_61
Playlist_62,user_62,Song_62,Artist_62,Album_62
Playlist_63,user_63,Song_63,Artist_63,Album_63
Playlist_64,user_64,Song_64,Artist_64,Album_64
Playlist_65,user_65,Song_65,Artist_65,Album_65
Playlist_66,user_66,Song_66,Artist_66,Album_66
Playlist_67,user_67,Song_67,Artist_67,Album_67
Playlist_68,user_68,Song_68,Artist_68,Album_68
Playlist_69,user_69,Song_69,Artist_69,Album_69
Playlist_70,user_70,Song_70,Artist_70,Album_70
Playlist_71,user_71,Song_71,Artist_71,Album_71
Playlist_72,user_72,Song_72,Artist_72,Album_72
Playlist_73,user_73,Song_73,Artist_73,Album_73
Playlist_74,user_74,Song_74,Artist_74,Album_74
Playlist_75,user_75,Song_75,Artist_75,Album_75
Playlist_76,user_76,Song_76,Artist_76,Album_76
Playlist_77,user_77,Song_77,Artist_77,Album_77
Playlist_78,user_78,Song_78,Artist_78,Album_78
Playlist_79,user_79,Song_79,Artist_79,Album_79
Playlist_80,user_80,Song_80,Artist_80,Album_80
Playlist_81,user_81,Song_81,Artist_81,Album_81
Playlist_82,user_82,Song_82,Artist_82,Album_82
Playlist_83,user_83,Song_83,Artist_83,Album_83
Playlist_84,user_84,Song_84,Artist_84,Album_84
Playlist_85,user_85,Song_85,Artist_85,Album_85
Playlist_86,user_86,Song_86,Artist_86,Album_86
Playlist_87,user_87,Song_87,Artist_87,Album_87
Playlist_88,user_88,Song_88,Artist_88,Album_88
Playlist_89,user_89,Song_89,Artist_89,Album_89
Playlist_90,user_90,Song_90,Artist_90,Album_90
Playlist_91,user_91,Song_91,Artist_91,Album_91
Playlist_92,user_92,Song_92,Artist_92,Album_92
Playlist_93,user_93,Song_93,Artist_93,Album_93
Playlist_94,user_94,Song_94,Artist_94,Album_94
Playlist_95,user_95,Song_95,Artist_95,Album_95
Playlist_96,user_96,Song_96,Artist_96,Album_96
Playlist_97,user_97,Song_97,Artist_97,Album_97
Playlist_98,user_98,Song_98,Artist_98,Album_98
Playlist_99,user_99,Song_99,Artist_99,Album_99
Playlist_100,user_100,Song_100,Artist_100,Album_100
Playlist_101,user_101,Song_101,Artist_101,Album_101
Playlist_102,user_102,Song_102,Artist_102,Album_102
Playlist_103,user_103,Song_103,Artist_103,Album_103
Playlist_104,user_104,Song_104,Artist_104,Album_104
Playlist_105,user_105,Song_105,Artist_105,Album_105
Playlist_106,user_106,Song_106,Artist_106,Album_106
Playlist_107,user_107,Song_107,Artist_107,Album_107
Playlist_108,user_108,Song_108,Artist_108,Album_108
Playlist_109,user_109,Song_109,Artist_109,Album_109
Playlist_110,user_110,Song_110,Artist_110,Album_110
Playlist_111,user_111,Song_111,Artist_111,Album_111
Playlist_112,user_112,Song_112,Artist_112,Album_112
Playlist_113,user_113,Song_113,Artist_113,Album_113
Playlist_114,user_114,Song_114,Artist_114,Album_114
Playlist_115,user_115,Song_115,Artist_115,Album_115
Playlist_116,user_116,Song_116,Artist_116,Album_116
Playlist_117,user_117,Song_117,Artist_117,Album_117
Playlist_118,user_118,Song_118,Artist_118,Album_118
Playlist_119,user_119,Song_119,Artist_119,Album_119
Playlist_120,user_120,Song_120,Artist_120,Album_120
Playlist_121,user_121,Song_121,Artist_121,Album_121
Playlist_122,user_122,Song_122,Artist_122,Album_122
Playlist_123,user_123,Song_123,Artist_123,Album_123
Playlist_124,user_124,Song_124,Artist_124,Album_124
Playlist_125,user_125,Song_125,Artist_125,Album_125
Playlist_126,user_126,Song_126,Artist_126,Album_126
Playlist_127,user_127,Song_127,Artist_127,Album_127
Playlist_128,user_128,Song_128,Artist_128,Album_128
Playlist_129,user_129,Song_129,Artist_129,Album_129
Playlist_130,user_130,Song_130,Artist_130,Album_130
Playlist_131,user_131,Song_131,Artist_131,Album_131
Playlist_132,user_132,Song_132,Artist_132,Album_132
Playlist_133,user_133,Song_133,Artist_133,Album_133
Playlist_134,user_134,Song_134,Artist_134,Album_134
Playlist_135,user_135,Song_135,Artist_135,Album_135
Playlist_136,user_136,Song_136,Artist_136,Album_136
Playlist_137,user_137,Song_137,Artist_137,Album_137
Playlist_138,user_138,Song_138,Artist_138,Album_138
Playlist_139,user_139,Song_139,Artist_139,Album_139
Playlist_140,user_140,Song_140,Artist_140,Album_140
Playlist_141,user_141,Song_141,Artist_141,Album_141
Playlist_142,user_142,Song_142,Artist_142,Album_142
Playlist_143,user_143,Song_143,Artist_143,Album_143
Playlist_144,user_144,Song_144,Artist_144,Album_144
Playlist_145,user_145,Song_145,Artist_145,Album_145
Playlist_146,user_146,Song_146,Artist_146,Album_146
Playlist_147,user_147,Song_147,Artist_147,Album_147
Playlist_148,user_148,Song_148,Artist_148,Album_148
Playlist_149,user_149,Song_149,Artist_149,Album_149
Playlist_150,user_150,Song_150,Artist_150,Album_150
Playlist_151,user_151,Song_151,Artist_151,Album_151
Playlist_152,user_152,Song_152,Artist_152,Album_152
Playlist_153,user_153,Song_153,Artist_153,Album_153
Playlist_154,user_154,Song_154,Artist_154,Album_154
Playlist_155,user_155,Song_155,Artist_155,Album_155
Playlist_156,user_156,Song_156,Artist_156,Album_156
Playlist_157,user_157,Song_157,Artist_157,Album_157
Playlist_158,user_158,Song_158,Artist_158,Album_158
Playlist_159,user_159,Song_159,Artist_159,Album_159
Playlist_160,user_160,Song_160,Artist_160,Album_160
Playlist_161,user_161,Song_161,Artist_161,Album_161
Playlist_162,user_162,Song_162,Artist_162,Album_162
Playlist_163,user_163,Song_163,Artist_163,Album_163
Playlist_164,user_164,Song_164,Artist_164,Album_164
Playlist_165,user_165,Song_165,Artist_165,Album_165
Playlist_166,user_166,Song_166,Artist_166,Album_166
Playlist_167,user_167,Song_167,Artist_167,Album_167
Playlist_168,user_168,Song_168,Artist_168,Album_168
Playlist_169,user_169,Song_169,Artist_169,Album_169
Playlist_170,user_170,Song_170,Artist_170,Album_170
Playlist_171,user_171,Song_171,Artist_171,Album_171
Playlist_172,user_172,Song_172,Artist_172,Album_172
Playlist_173,user_173,Song_173,Artist_173,Album_173
Playlist_174,user_174,Song_174,Artist_174,Album_174
Playlist_175,user_175,Song_175,Artist_175,Album_175
Playlist_176,user_176,Song_176,Artist_176,Album_176
Playlist_177,user_177,Song_177,Artist_177,Album_177
Playlist_178,user_178,Song_178,Artist_178,Album_178
Playlist_179,user_179,Song_179,Artist_179,Album_179
Playlist_180,user_180,Song_180,Artist_180,Album_180
Playlist_181,user_181,Song_181,Artist_181,Album_181
Playlist_182,user_182,Song_182,Artist_182,Album_182
Playlist_183,user_183,Song_183,Artist_183,Album_183
Playlist_184,user_184,Song_184,Artist_184,Album_184
Playlist_185,user_185,Song_185,Artist_185,Album_185
Playlist_186,user_186,Song_186,Artist_186,Album_186
Playlist_187,user_187,Song_187,Artist_187,Album_187
Playlist_188,user_188,Song_188,Artist_188,Album_188
Playlist_189,user_189,Song_189,Artist_189,Album_189
Playlist_190,user_190,Song_190,Artist_190,Album_190
Playlist_191,user_191,Song_191,Artist_191,Album_191
Playlist_192,user_192,Song_192,Artist_192,Album_192
Playlist_193,user_193,Song_193,Artist_193,Album_193
Playlist_194,user_194,Song_194,Artist_194,Album_194
Playlist_195,user_195,Song_195,Artist_195,Album_195
Playlist_196,user_196,Song_196,Artist_196,Album_196
Playlist_197,user_197,Song_197,Artist_197,Album_197
Playlist_198,user_198,Song_198,Artist_198,Album_198
Playlist_199,user_199,Song_199,Artist_199,Album_199
Playlist_200,user_200,Song_200,Artist_200,Album_200
Playlist_201,user_201,Song_201,Artist_201,Album_201
Playlist_202,user_202,Song_202,Artist_202,Album_202
Playlist_203,user_203,Song_203,Artist_203,Album_203
Playlist_204,user_204,Song_204,Artist_204,Album_204
Playlist_205,user_205,Song_205,Artist_205,Album_205
Playlist_206,user_206,Song_206,Artist_206,Album_206
Playlist_207,user_207,Song_207,Artist_207,Album_207
Playlist_208,user_208,Song_208,Artist_208,Album_208
Playlist_209,user_209,Song_209,Artist_209,Album_209
Playlist_210,user_210,Song_210,Artist_210,Album_210
Playlist_211,user_211,Song_211,Artist_211,Album_211
Playlist_212,user_212,Song_212,Artist_212,Album_212
Playlist_213,user_213,Song_213,Artist_213,Album_213
Playlist_214,user_214,Song_214,Artist_214,Album_214
Playlist_215,user_215,Song_215,Artist_215,Album_215
Playlist_216,user_216,Song_216,Artist_216,Album_216
Playlist_217,user_217,Song_217,Artist_217,Album_217
Playlist_218,user_218,Song_218,Artist_218,Album_218
Playlist_219,user_219,Song_219,Artist_219,Album_219
Playlist_220,user_220,Song_220,Artist_220,Album_220
Playlist_221,user_221,Song_221,Artist_221,Album_221
Playlist_222,user_222,Song_222,Artist_222,Album_222
Playlist_223,user_223,Song_223,Artist_223,Album_223
Playlist_224,user_224,Song_224,Artist_224,Album_224
Playlist_225,user_225,Song_225,Artist_225,Album_225
Playlist_226,user_226,Song_226,Artist_226,Album_226
Playlist_227,user_227,Song_227,Artist_227,Album_227
Playlist_228,user_228,Song_228,Artist_228,Album_228
Playlist_229,user_229,Song_229,Artist_229,Album_229
Playlist_230,user_230,Song_230,Artist_230,Album_230
Playlist_231,user_231,Song_231,Artist_231,Album_231
Playlist_232,user_232,Song_232,Artist_232,Album_232
Playlist_233,user_233,Song_233,Artist_233,Album_233
Playlist_234,user_234,Song_234,Artist_234,Album_234
Playlist_235,user_235,Song_235,Artist_235,Album_235
Playlist_236,user_236,Song_236,Artist_236,Album_236
Playlist_237,user_237,Song_237,Artist_237,Album_237
Playlist_238,user_238,Song_238,Artist_238,Album_238
Playlist_239,user_239,Song_239,Artist_239,Album_239
Playlist_240,user_240,Song_240,Artist_240,Album_240
Playlist_241,user_241,Song_241,Artist_241,Album_241
Playlist_242,user_242,Song_242,Artist_242,Album_242
Playlist_243,user_243,Song_243,Artist_243,Album_243
Playlist_244,user_244,Song_244,Artist_244,Album_244
Playlist_245,user_245,Song_245,Artist_245,Album_245
Playlist_246,user_246,Song_246,Artist_246,Album_246
Playlist_247,user_247,Song_247,Artist_247,Album_247
Playlist_248,user_248,Song_248,Artist_248,Album_248
Playlist_249,user_249,Song_249,Artist_249,Album_249
Playlist_250,user_250,Song_250,Artist_250,Album_250
Playlist_251,user_251,Song_251,Artist_251,Album_251
Playlist_252,user_252,Song_252,Artist_252,Album_252
Playlist_253,user_253,Song_253,Artist_253,Album_253
Playlist_254,user_254,Song_254,Artist_254,Album_254
Playlist_255,user_255,Song_255,Artist_255,Album_255
Playlist_256,user_256,Song_256,Artist_256,Album_256
Playlist_257,user_257,Song_257,Artist_257,Album_257
Playlist_258,user_258,Song_258,Artist_258,Album_258
Playlist_259,user_259,Song_259,Artist_259,Album_259
Playlist_260,user_260,Song_260,Artist_260,Album_260
Playlist_261,user_261,Song_261,Artist_261,Album_261
Playlist_262,user_262,Song_262,Artist_262,Album_262
Playlist_263,user_263,Song_263,Artist_263,Album_263
Playlist_264,user_264,Song_264,Artist_264,Album_264
Playlist_265,user_265,Song_265,Artist_265,Album_265
Playlist_266,user_266,Song_266,Artist_266,Album_266
Playlist_267,user_267,Song_267,Artist_267,Album_267
Playlist_268,user_268,Song_268,Artist_268,Album_268
Playlist_269,user_269,Song_269,Artist_269,Album_269
Playlist_270,user_270,Song_270,Artist_270,Album_270
Playlist_271,user_271,Song_271,Artist_271,Album_271
Playlist_272,user_272,Song_272,Artist_272,Album_272
Playlist_273,user_273,Song_273,Artist_273,Album_273
Playlist_274,user_274,Song_274,Artist_274,Album_274
Playlist_275,user_275,Song_275,Artist_275,Album_275
Playlist_276,user_276,Song_276,Artist_276,Album_276
Playlist_277,user_277,Song_277,Artist_277,Album_277
Playlist_278,user_278,Song_278,Artist_278,Album_278
Playlist_279,user_279,Song_279,Artist_279,Album_279
Playlist_280,user_280,Song_280,Artist_280,Album_280
Playlist_281,user_281,Song_281,Artist_281,Album_281
Playlist_282,user_282,Song_282,Artist_282,Album_282
Playlist_283,user_283,Song_283,Artist_283,Album_283
Playlist_284,user_284,Song_284,Artist_284,Album_284
Playlist_285,user_285,Song_285,Artist_285,Album_285
Playlist_286,user_286,Song_286,Artist_286,Album_286
Playlist_287,user_287,Song_287,Artist_287,Album_287
Playlist_288,user_288,Song_288,Artist_288,Album_288
Playlist_289,user_289,Song_289,Artist_289,Album_289
Playlist_290,user_290,Song_290,Artist_290,Album_290
Playlist_291,user_291,Song_291,Artist_291,Album_291
Playlist_292,user_292,Song_292,Artist_292,Album_292
Playlist_293,user_293,Song_293,Artist_293,Album_293
Playlist_294,user_294,Song_294,Artist_294,Album_294
Playlist_295,user_295,Song_295,Artist_295,Album_295
Playlist_296,user_296,Song_296,Artist_296,Album_296
Playlist_297,user_297,Song_297,Artist_297,Album_297
Playlist_298,user_298,Song_298,Artist_298,Album_298
Playlist_299,user_299,Song_299,Artist_299,Album_299
