name,username,creationDate
Playlist_0,user_0,2022-10-12
Playlist_1,user_1,2020-06-11
Playlist_2,user_2,2024-03-09
Playlist_3,user_3,2024-12-08
Playlist_4,user_4,2024-08-29
Playlist_5,user_5,2020-08-13
Playlist_6,user_6,2020-09-08
Playlist_7,user_7,2024-05-08
Playlist_8,user_8,2023-12-02
Playlist_9,user_9,2024-08-23
Playlist_10,user_10,2022-03-01
Playlist_11,user_11,2020-11-03
Playlist_12,user_12,2020-07-09
Playlist_13,user_13,2024-10-02
Playlist_14,user_14,2023-11-04
Playlist_15,user_15,2020-02-19
Playlist_16,user_16,2021-08-14
Playlist_17,user_17,2022-10-08
Playlist_18,user_18,2023-08-19
Playlist_19,user_19,2020-05-12
Playlist_20,user_20,2023-03-13
Playlist_21,user_21,2022-11-16
Playlist_22,user_22,2023-09-27
Playlist_23,user_23,2022-04-05
Playlist_24,user_24,2020-02-25
Playlist_25,user_25,2021-08-12
Playlist_26,user_26,2020-08-24
Playlist_27,user_27,2022-07-17
Playlist_28,user_28,2023-12-03
Playlist_29,user_29,2021-07-31
Playlist_30,user_30,2024-06-11
Playlist_31,user_31,2022-09-25
Playlist_32,user_32,2021-09-27
Playlist_33,user_33,2020-04-23
Playlist_34,user_34,2020-09-28
Playlist_35,user_35,2023-08-18
Playlist_36,user_36,2020-06-26
Playlist_37,user_37,2024-10-21
Playlist_38,user_38,2020-07-13
Playlist_39,user_39,2020-10-18
Playlist_40,user_40,2020-07-10
Playlist_41,user_41,2023-03-27
Playlist_42,user_42,2023-10-03
Playlist_43,user_43,2022-02-27
Playlist_44,user_44,2020-04-10
Playlist_45,user_45,2021-07-05
Playlist_46,user_46,2023-04-25
Playlist_47,user_47,2022-06-11
Playlist_48,user_48,2022-02-09
Playlist_49,user_49,2020-02-11
Playlist_50,user_50,2021-03-07
Playlist_51,user_51,2022-07-10
Playlist_52,user_52,2020-06-09
Playlist_53,user_53,2024-10-06
Playlist_54,user_54,2021-11-17
Playlist_55,user_55,2024-05-02
Playlist_56,user_56,2020-10-21
Playlist_57,user_57,2022-03-17
Playlist_58,user_58,2023-02-02
Playlist_59,user_59,2022-11-18
Playlist_60,user_60,2024-05-20
Playlist_61,user_61,2023-09-29
Playlist_62,user_62,2024-10-02
Playlist_63,user_63,2021-04-07
Playlist_64,user_64,2022-03-01
Playlist_65,user_65,2024-01-18
Playlist_66,user_66,2024-04-07
Playlist_67,user_67,2021-02-12
Playlist_68,user_68,2020-07-23
Playlist_69,user_69,2022-02-16
Playlist_70,user_70,2020-11-12
Playlist_71,user_71,2024-01-13
Playlist_72,user_72,2020-01-21
Playlist_73,user_73,2020-10-28
Playlist_74,user_74,2022-11-14
Playlist_75,user_75,2023-04-08
Playlist_76,user_76,2020-06-23
Playlist_77,user_77,2020-01-26
Playlist_78,user_78,2024-08-05
Playlist_79,user_79,2020-11-03
Playlist_80,user_80,2022-10-11
Playlist_81,user_81,2024-07-21
Playlist_82,user_82,2024-05-07
Playlist_83,user_83,2022-03-31
Playlist_84,user_84,2020-03-19
Playlist_85,user_85,2022-12-17
Playlist_86,user_86,2020-06-07
Playlist_87,user_87,2024-05-21
Playlist_88,user_88,2022-01-07
Playlist_89,user_89,2021-04-15
Playlist_90,user_90,2022-06-07
Playlist_91,user_91,2022-08-29
Playlist_92,user_92,2020-03-19
Playlist_93,user_93,2020-04-09
Playlist_94,user_94,2023-02-04
Playlist_95,user_95,2020-05-09
Playlist_96,user_96,2023-05-22
Playlist_97,user_97,2020-02-14
Playlist_98,user_98,2022-03-18
Playlist_99,user_99,2022-02-12
Playlist_100,user_100,2022-01-09
Playlist_101,user_101,2021-01-12
Playlist_102,user_102,2020-03-21
Playlist_103,user_103,2023-07-22
Playlist_104,user_104,2020-07-01
Playlist_105,user_105,2024-08-10
Playlist_106,user_106,2021-09-09
Playlist_107,user_107,2024-11-27
Playlist_108,user_108,2024-02-10
Playlist_109,user_109,2024-08-06
Playlist_110,user_110,2022-01-24
Playlist_111,user_111,2020-01-17
Playlist_112,user_112,2024-02-05
Playlist_113,user_113,2021-10-11
Playlist_114,user_114,2024-10-08
Playlist_115,user_115,2022-09-14
Playlist_116,user_116,2020-10-23
Playlist_117,user_117,2024-07-06
Playlist_118,user_118,2023-10-29
Playlist_119,user_119,2023-05-28
Playlist_120,user_120,2022-02-28
Playlist_121,user_121,2022-12-12
Playlist_122,user_122,2020-05-09
Playlist_123,user_123,2022-09-16
Playlist_124,user_124,2023-05-05
Playlist_125,user_125,2023-10-16
Playlist_126,user_126,2024-09-21
Playlist_127,user_127,2022-09-16
Playlist_128,user_128,2021-10-10
Playlist_129,user_129,2022-07-12
Playlist_130,user_130,2024-06-19
Playlist_131,user_131,2024-12-15
Playlist_132,user_132,2020-01-10
Playlist_133,user_133,2021-09-07
Playlist_134,user_134,2020-11-10
Playlist_135,user_135,2021-07-21
Playlist_136,user_136,2022-02-18
Playlist_137,user_137,2021-09-09
Playlist_138,user_138,2022-02-02
Playlist_139,user_139,2023-02-02
Playlist_140,user_140,2024-09-14
Playlist_141,user_141,2024-05-24
Playlist_142,user_142,2022-06-21
Playlist_143,user_143,2021-11-15
Playlist_144,user_144,2020-11-08
Playlist_145,user_145,2023-12-10
Playlist_146,user_146,2022-06-01
Playlist_147,user_147,2020-05-04
Playlist_148,user_148,2020-02-16
Playlist_149,user_149,2024-08-05
Playlist_150,user_150,2020-12-23
Playlist_151,user_151,2024-04-08
Playlist_152,user_152,2023-07-06
Playlist_153,user_153,2023-05-31
Playlist_154,user_154,2022-12-02
Playlist_155,user_155,2024-06-25
Playlist_156,user_156,2022-04-29
Playlist_157,user_157,2020-08-12
Playlist_158,user_158,2021-03-12
Playlist_159,user_159,2020-08-11
Playlist_160,user_160,2020-05-23
Playlist_161,user_161,2024-02-27
Playlist_162,user_162,2021-05-18
Playlist_163,user_163,2022-10-17
Playlist_164,user_164,2023-05-11
Playlist_165,user_165,2023-12-14
Playlist_166,user_166,2024-04-24
Playlist_167,user_167,2021-02-24
Playlist_168,user_168,2021-06-22
Playlist_169,user_169,2022-12-15
Playlist_170,user_170,2022-02-14
Playlist_171,user_171,2022-06-23
Playlist_172,user_172,2021-11-23
Playlist_173,user_173,2021-06-26
Playlist_174,user_174,2024-02-05
Playlist_175,user_175,2024-10-23
Playlist_176,user_176,2021-12-13
Playlist_177,user_177,2024-12-20
Playlist_178,user_178,2022-05-17
Playlist_179,user_179,2022-11-01
Playlist_180,user_180,2020-11-05
Playlist_181,user_181,2021-12-16
Playlist_182,user_182,2020-04-08
Playlist_183,user_183,2022-02-21
Playlist_184,user_184,2020-05-13
Playlist_185,user_185,2021-01-15
Playlist_186,user_186,2022-11-30
Playlist_187,user_187,2022-01-29
Playlist_188,user_188,2022-02-03
Playlist_189,user_189,2024-01-14
Playlist_190,user_190,2021-04-20
Playlist_191,user_191,2024-05-06
Playlist_192,user_192,2021-06-10
Playlist_193,user_193,2024-04-23
Playlist_194,user_194,2020-02-11
Playlist_195,user_195,2021-11-09
Playlist_196,user_196,2021-03-06
Playlist_197,user_197,2023-10-10
Playlist_198,user_198,2023-06-22
Playlist_199,user_199,2024-06-27
Playlist_200,user_200,2020-02-16
Playlist_201,user_201,2023-09-14
Playlist_202,user_202,2022-12-19
Playlist_203,user_203,2020-05-07
Playlist_204,user_204,2022-12-13
Playlist_205,user_205,2023-06-27
Playlist_206,user_206,2022-03-31
Playlist_207,user_207,2023-02-14
Playlist_208,user_208,2023-04-02
Playlist_209,user_209,2021-03-12
Playlist_210,user_210,2023-11-13
Playlist_211,user_211,2024-02-09
Playlist_212,user_212,2021-01-26
Playlist_213,user_213,2022-09-26
Playlist_214,user_214,2022-11-22
Playlist_215,user_215,2022-02-02
Playlist_216,user_216,2024-08-14
Playlist_217,user_217,2024-09-21
Playlist_218,user_218,2021-01-28
Playlist_219,user_219,2022-08-25
Playlist_220,user_220,2023-08-23
Playlist_221,user_221,2023-09-23
Playlist_222,user_222,2021-09-28
Playlist_223,user_223,2021-05-26
Playlist_224,user_224,2020-04-06
Playlist_225,user_225,2024-10-20
Playlist_226,user_226,2020-04-26
Playlist_227,user_227,2021-12-22
Playlist_228,user_228,2022-04-17
Playlist_229,user_229,2024-02-11
Playlist_230,user_230,2023-05-27
Playlist_231,user_231,2021-11-13
Playlist_232,user_232,2022-02-08
Playlist_233,user_233,2023-12-25
Playlist_234,user_234,2024-12-25
Playlist_235,user_235,2024-08-22
Playlist_236,user_236,2020-08-05
Playlist_237,user_237,2022-01-25
Playlist_238,user_238,2021-02-05
Playlist_239,user_239,2024-05-30
Playlist_240,user_240,2020-08-26
Playlist_241,user_241,2020-06-20
Playlist_242,user_242,2020-03-17
Playlist_243,user_243,2020-01-30
Playlist_244,user_244,2024-06-06
Playlist_245,user_245,2021-02-20
Playlist_246,user_246,2023-02-10
Playlist_247,user_247,2023-02-28
Playlist_248,user_248,2024-02-19
Playlist_249,user_249,2024-03-03
Playlist_250,user_250,2020-10-11
Playlist_251,user_251,2022-04-02
Playlist_252,user_252,2023-06-18
Playlist_253,user_253,2024-10-21
Playlist_254,user_254,2022-01-29
Playlist_255,user_255,2024-04-19
Playlist_256,user_256,2022-03-05
Playlist_257,user_257,2020-10-27
Playlist_258,user_258,2024-02-25
Playlist_259,user_259,2020-04-16
Playlist_260,user_260,2022-10-22
Playlist_261,user_261,2020-06-30
Playlist_262,user_262,2020-12-13
Playlist_263,user_263,2020-11-01
Playlist_264,user_264,2024-02-09
Playlist_265,user_265,2020-06-22
Playlist_266,user_266,2024-03-10
Playlist_267,user_267,2022-12-25
Playlist_268,user_268,2020-05-26
Playlist_269,user_269,2022-07-20
Playlist_270,user_270,2021-02-26
Playlist_271,user_271,2021-08-06
Playlist_272,user_272,2023-11-08
Playlist_273,user_273,2020-10-07
Playlist_274,user_274,2020-08-15
Playlist_275,user_275,2020-06-29
Playlist_276,user_276,2022-01-27
Playlist_277,user_277,2024-12-01
Playlist_278,user_278,2020-11-05
Playlist_279,user_279,2020-10-21
Playlist_280,user_280,2021-11-16
Playlist_281,user_281,2024-12-17
Playlist_282,user_282,2021-10-31
Playlist_283,user_283,2020-02-26
Playlist_284,user_284,2024-04-09
Playlist_285,user_285,2022-03-20
Playlist_286,user_286,2023-08-11
Playlist_287,user_287,2022-05-27
Playlist_288,user_288,2020-05-26
Playlist_289,user_289,2023-08-19
Playlist_290,user_290,2024-05-17
Playlist_291,user_291,2022-03-27
Playlist_292,user_292,2023-06-22
Playlist_293,user_293,2023-07-30
Playlist_294,user_294,2023-02-26
Playlist_295,user_295,2023-05-31
Playlist_296,user_296,2023-05-23
Playlist_297,user_297,2024-06-01
Playlist_298,user_298,2021-07-07
Playlist_299,user_299,2020-07-14
