username,email,password,bio
user_0,user_0@example.com,pass_0,Bio of user_0
user_1,user_1@example.com,pass_1,Bio of user_1
user_2,user_2@example.com,pass_2,Bio of user_2
user_3,user_3@example.com,pass_3,Bio of user_3
user_4,user_4@example.com,pass_4,Bio of user_4
user_5,user_5@example.com,pass_5,Bio of user_5
user_6,user_6@example.com,pass_6,Bio of user_6
user_7,user_7@example.com,pass_7,Bio of user_7
user_8,user_8@example.com,pass_8,Bio of user_8
user_9,user_9@example.com,pass_9,Bio of user_9
user_10,user_10@example.com,pass_10,Bio of user_10
user_11,user_11@example.com,pass_11,Bio of user_11
user_12,user_12@example.com,pass_12,Bio of user_12
user_13,user_13@example.com,pass_13,Bio of user_13
user_14,user_14@example.com,pass_14,Bio of user_14
user_15,user_15@example.com,pass_15,Bio of user_15
user_16,user_16@example.com,pass_16,Bio of user_16
user_17,user_17@example.com,pass_17,Bio of user_17
user_18,user_18@example.com,pass_18,Bio of user_18
user_19,user_19@example.com,pass_19,Bio of user_19
user_20,user_20@example.com,pass_20,Bio of user_20
user_21,user_21@example.com,pass_21,Bio of user_21
user_22,user_22@example.com,pass_22,Bio of user_22
user_23,user_23@example.com,pass_23,Bio of user_23
user_24,user_24@example.com,pass_24,Bio of user_24
user_25,user_25@example.com,pass_25,Bio of user_25
user_26,user_26@example.com,pass_26,Bio of user_26
user_27,user_27@example.com,pass_27,Bio of user_27
user_28,user_28@example.com,pass_28,Bio of user_28
user_29,user_29@example.com,pass_29,Bio of user_29
user_30,user_30@example.com,pass_30,Bio of user_30
user_31,user_31@example.com,pass_31,Bio of user_31
user_32,user_32@example.com,pass_32,Bio of user_32
user_33,user_33@example.com,pass_33,Bio of user_33
user_34,user_34@example.com,pass_34,Bio of user_34
user_35,user_35@example.com,pass_35,Bio of user_35
user_36,user_36@example.com,pass_36,Bio of user_36
user_37,user_37@example.com,pass_37,Bio of user_37
user_38,user_38@example.com,pass_38,Bio of user_38
user_39,user_39@example.com,pass_39,Bio of user_39
user_40,user_40@example.com,pass_40,Bio of user_40
user_41,user_41@example.com,pass_41,Bio of user_41
user_42,user_42@example.com,pass_42,Bio of user_42
user_43,user_43@example.com,pass_43,Bio of user_43
user_44,user_44@example.com,pass_44,Bio of user_44
user_45,user_45@example.com,pass_45,Bio of user_45
user_46,user_46@example.com,pass_46,Bio of user_46
user_47,user_47@example.com,pass_47,Bio of user_47
user_48,user_48@example.com,pass_48,Bio of user_48
user_49,user_49@example.com,pass_49,Bio of user_49
user_50,user_50@example.com,pass_50,Bio of user_50
user_51,user_51@example.com,pass_51,Bio of user_51
user_52,user_52@example.com,pass_52,Bio of user_52
user_53,user_53@example.com,pass_53,Bio of user_53
user_54,user_54@example.com,pass_54,Bio of user_54
user_55,user_55@example.com,pass_55,Bio of user_55
user_56,user_56@example.com,pass_56,Bio of user_56
user_57,user_57@example.com,pass_57,Bio of user_57
user_58,user_58@example.com,pass_58,Bio of user_58
user_59,user_59@example.com,pass_59,Bio of user_59
user_60,user_60@example.com,pass_60,Bio of user_60
user_61,user_61@example.com,pass_61,Bio of user_61
user_62,user_62@example.com,pass_62,Bio of user_62
user_63,user_63@example.com,pass_63,Bio of user_63
user_64,user_64@example.com,pass_64,Bio of user_64
user_65,user_65@example.com,pass_65,Bio of user_65
user_66,user_66@example.com,pass_66,Bio of user_66
user_67,user_67@example.com,pass_67,Bio of user_67
user_68,user_68@example.com,pass_68,Bio of user_68
user_69,user_69@example.com,pass_69,Bio of user_69
user_70,user_70@example.com,pass_70,Bio of user_70
user_71,user_71@example.com,pass_71,Bio of user_71
user_72,user_72@example.com,pass_72,Bio of user_72
user_73,user_73@example.com,pass_73,Bio of user_73
user_74,user_74@example.com,pass_74,Bio of user_74
user_75,user_75@example.com,pass_75,Bio of user_75
user_76,user_76@example.com,pass_76,Bio of user_76
user_77,user_77@example.com,pass_77,Bio of user_77
user_78,user_78@example.com,pass_78,Bio of user_78
user_79,user_79@example.com,pass_79,Bio of user_79
user_80,user_80@example.com,pass_80,Bio of user_80
user_81,user_81@example.com,pass_81,Bio of user_81
user_82,user_82@example.com,pass_82,Bio of user_82
user_83,user_83@example.com,pass_83,Bio of user_83
user_84,user_84@example.com,pass_84,Bio of user_84
user_85,user_85@example.com,pass_85,Bio of user_85
user_86,user_86@example.com,pass_86,Bio of user_86
user_87,user_87@example.com,pass_87,Bio of user_87
user_88,user_88@example.com,pass_88,Bio of user_88
user_89,user_89@example.com,pass_89,Bio of user_89
user_90,user_90@example.com,pass_90,Bio of user_90
user_91,user_91@example.com,pass_91,Bio of user_91
user_92,user_92@example.com,pass_92,Bio of user_92
user_93,user_93@example.com,pass_93,Bio of user_93
user_94,user_94@example.com,pass_94,Bio of user_94
user_95,user_95@example.com,pass_95,Bio of user_95
user_96,user_96@example.com,pass_96,Bio of user_96
user_97,user_97@example.com,pass_97,Bio of user_97
user_98,user_98@example.com,pass_98,Bio of user_98
user_99,user_99@example.com,pass_99,Bio of user_99
user_100,user_100@example.com,pass_100,Bio of user_100
user_101,user_101@example.com,pass_101,Bio of user_101
user_102,user_102@example.com,pass_102,Bio of user_102
user_103,user_103@example.com,pass_103,Bio of user_103
user_104,user_104@example.com,pass_104,Bio of user_104
user_105,user_105@example.com,pass_105,Bio of user_105
user_106,user_106@example.com,pass_106,Bio of user_106
user_107,user_107@example.com,pass_107,Bio of user_107
user_108,user_108@example.com,pass_108,Bio of user_108
user_109,user_109@example.com,pass_109,Bio of user_109
user_110,user_110@example.com,pass_110,Bio of user_110
user_111,user_111@example.com,pass_111,Bio of user_111
user_112,user_112@example.com,pass_112,Bio of user_112
user_113,user_113@example.com,pass_113,Bio of user_113
user_114,user_114@example.com,pass_114,Bio of user_114
user_115,user_115@example.com,pass_115,Bio of user_115
user_116,user_116@example.com,pass_116,Bio of user_116
user_117,user_117@example.com,pass_117,Bio of user_117
user_118,user_118@example.com,pass_118,Bio of user_118
user_119,user_119@example.com,pass_119,Bio of user_119
user_120,user_120@example.com,pass_120,Bio of user_120
user_121,user_121@example.com,pass_121,Bio of user_121
user_122,user_122@example.com,pass_122,Bio of user_122
user_123,user_123@example.com,pass_123,Bio of user_123
user_124,user_124@example.com,pass_124,Bio of user_124
user_125,user_125@example.com,pass_125,Bio of user_125
user_126,user_126@example.com,pass_126,Bio of user_126
user_127,user_127@example.com,pass_127,Bio of user_127
user_128,user_128@example.com,pass_128,Bio of user_128
user_129,user_129@example.com,pass_129,Bio of user_129
user_130,user_130@example.com,pass_130,Bio of user_130
user_131,user_131@example.com,pass_131,Bio of user_131
user_132,user_132@example.com,pass_132,Bio of user_132
user_133,user_133@example.com,pass_133,Bio of user_133
user_134,user_134@example.com,pass_134,Bio of user_134
user_135,user_135@example.com,pass_135,Bio of user_135
user_136,user_136@example.com,pass_136,Bio of user_136
user_137,user_137@example.com,pass_137,Bio of user_137
user_138,user_138@example.com,pass_138,Bio of user_138
user_139,user_139@example.com,pass_139,Bio of user_139
user_140,user_140@example.com,pass_140,Bio of user_140
user_141,user_141@example.com,pass_141,Bio of user_141
user_142,user_142@example.com,pass_142,Bio of user_142
user_143,user_143@example.com,pass_143,Bio of user_143
user_144,user_144@example.com,pass_144,Bio of user_144
user_145,user_145@example.com,pass_145,Bio of user_145
user_146,user_146@example.com,pass_146,Bio of user_146
user_147,user_147@example.com,pass_147,Bio of user_147
user_148,user_148@example.com,pass_148,Bio of user_148
user_149,user_149@example.com,pass_149,Bio of user_149
user_150,user_150@example.com,pass_150,Bio of user_150
user_151,user_151@example.com,pass_151,Bio of user_151
user_152,user_152@example.com,pass_152,Bio of user_152
user_153,user_153@example.com,pass_153,Bio of user_153
user_154,user_154@example.com,pass_154,Bio of user_154
user_155,user_155@example.com,pass_155,Bio of user_155
user_156,user_156@example.com,pass_156,Bio of user_156
user_157,user_157@example.com,pass_157,Bio of user_157
user_158,user_158@example.com,pass_158,Bio of user_158
user_159,user_159@example.com,pass_159,Bio of user_159
user_160,user_160@example.com,pass_160,Bio of user_160
user_161,user_161@example.com,pass_161,Bio of user_161
user_162,user_162@example.com,pass_162,Bio of user_162
user_163,user_163@example.com,pass_163,Bio of user_163
user_164,user_164@example.com,pass_164,Bio of user_164
user_165,user_165@example.com,pass_165,Bio of user_165
user_166,user_166@example.com,pass_166,Bio of user_166
user_167,user_167@example.com,pass_167,Bio of user_167
user_168,user_168@example.com,pass_168,Bio of user_168
user_169,user_169@example.com,pass_169,Bio of user_169
user_170,user_170@example.com,pass_170,Bio of user_170
user_171,user_171@example.com,pass_171,Bio of user_171
user_172,user_172@example.com,pass_172,Bio of user_172
user_173,user_173@example.com,pass_173,Bio of user_173
user_174,user_174@example.com,pass_174,Bio of user_174
user_175,user_175@example.com,pass_175,Bio of user_175
user_176,user_176@example.com,pass_176,Bio of user_176
user_177,user_177@example.com,pass_177,Bio of user_177
user_178,user_178@example.com,pass_178,Bio of user_178
user_179,user_179@example.com,pass_179,Bio of user_179
user_180,user_180@example.com,pass_180,Bio of user_180
user_181,user_181@example.com,pass_181,Bio of user_181
user_182,user_182@example.com,pass_182,Bio of user_182
user_183,user_183@example.com,pass_183,Bio of user_183
user_184,user_184@example.com,pass_184,Bio of user_184
user_185,user_185@example.com,pass_185,Bio of user_185
user_186,user_186@example.com,pass_186,Bio of user_186
user_187,user_187@example.com,pass_187,Bio of user_187
user_188,user_188@example.com,pass_188,Bio of user_188
user_189,user_189@example.com,pass_189,Bio of user_189
user_190,user_190@example.com,pass_190,Bio of user_190
user_191,user_191@example.com,pass_191,Bio of user_191
user_192,user_192@example.com,pass_192,Bio of user_192
user_193,user_193@example.com,pass_193,Bio of user_193
user_194,user_194@example.com,pass_194,Bio of user_194
user_195,user_195@example.com,pass_195,Bio of user_195
user_196,user_196@example.com,pass_196,Bio of user_196
user_197,user_197@example.com,pass_197,Bio of user_197
user_198,user_198@example.com,pass_198,Bio of user_198
user_199,user_199@example.com,pass_199,Bio of user_199
user_200,user_200@example.com,pass_200,Bio of user_200
user_201,user_201@example.com,pass_201,Bio of user_201
user_202,user_202@example.com,pass_202,Bio of user_202
user_203,user_203@example.com,pass_203,Bio of user_203
user_204,user_204@example.com,pass_204,Bio of user_204
user_205,user_205@example.com,pass_205,Bio of user_205
user_206,user_206@example.com,pass_206,Bio of user_206
user_207,user_207@example.com,pass_207,Bio of user_207
user_208,user_208@example.com,pass_208,Bio of user_208
user_209,user_209@example.com,pass_209,Bio of user_209
user_210,user_210@example.com,pass_210,Bio of user_210
user_211,user_211@example.com,pass_211,Bio of user_211
user_212,user_212@example.com,pass_212,Bio of user_212
user_213,user_213@example.com,pass_213,Bio of user_213
user_214,user_214@example.com,pass_214,Bio of user_214
user_215,user_215@example.com,pass_215,Bio of user_215
user_216,user_216@example.com,pass_216,Bio of user_216
user_217,user_217@example.com,pass_217,Bio of user_217
user_218,user_218@example.com,pass_218,Bio of user_218
user_219,user_219@example.com,pass_219,Bio of user_219
user_220,user_220@example.com,pass_220,Bio of user_220
user_221,user_221@example.com,pass_221,Bio of user_221
user_222,user_222@example.com,pass_222,Bio of user_222
user_223,user_223@example.com,pass_223,Bio of user_223
user_224,user_224@example.com,pass_224,Bio of user_224
user_225,user_225@example.com,pass_225,Bio of user_225
user_226,user_226@example.com,pass_226,Bio of user_226
user_227,user_227@example.com,pass_227,Bio of user_227
user_228,user_228@example.com,pass_228,Bio of user_228
user_229,user_229@example.com,pass_229,Bio of user_229
user_230,user_230@example.com,pass_230,Bio of user_230
user_231,user_231@example.com,pass_231,Bio of user_231
user_232,user_232@example.com,pass_232,Bio of user_232
user_233,user_233@example.com,pass_233,Bio of user_233
user_234,user_234@example.com,pass_234,Bio of user_234
user_235,user_235@example.com,pass_235,Bio of user_235
user_236,user_236@example.com,pass_236,Bio of user_236
user_237,user_237@example.com,pass_237,Bio of user_237
user_238,user_238@example.com,pass_238,Bio of user_238
user_239,user_239@example.com,pass_239,Bio of user_239
user_240,user_240@example.com,pass_240,Bio of user_240
user_241,user_241@example.com,pass_241,Bio of user_241
user_242,user_242@example.com,pass_242,Bio of user_242
user_243,user_243@example.com,pass_243,Bio of user_243
user_244,user_244@example.com,pass_244,Bio of user_244
user_245,user_245@example.com,pass_245,Bio of user_245
user_246,user_246@example.com,pass_246,Bio of user_246
user_247,user_247@example.com,pass_247,Bio of user_247
user_248,user_248@example.com,pass_248,Bio of user_248
user_249,user_249@example.com,pass_249,Bio of user_249
user_250,user_250@example.com,pass_250,Bio of user_250
user_251,user_251@example.com,pass_251,Bio of user_251
user_252,user_252@example.com,pass_252,Bio of user_252
user_253,user_253@example.com,pass_253,Bio of user_253
user_254,user_254@example.com,pass_254,Bio of user_254
user_255,user_255@example.com,pass_255,Bio of user_255
user_256,user_256@example.com,pass_256,Bio of user_256
user_257,user_257@example.com,pass_257,Bio of user_257
user_258,user_258@example.com,pass_258,Bio of user_258
user_259,user_259@example.com,pass_259,Bio of user_259
user_260,user_260@example.com,pass_260,Bio of user_260
user_261,user_261@example.com,pass_261,Bio of user_261
user_262,user_262@example.com,pass_262,Bio of user_262
user_263,user_263@example.com,pass_263,Bio of user_263
user_264,user_264@example.com,pass_264,Bio of user_264
user_265,user_265@example.com,pass_265,Bio of user_265
user_266,user_266@example.com,pass_266,Bio of user_266
user_267,user_267@example.com,pass_267,Bio of user_267
user_268,user_268@example.com,pass_268,Bio of user_268
user_269,user_269@example.com,pass_269,Bio of user_269
user_270,user_270@example.com,pass_270,Bio of user_270
user_271,user_271@example.com,pass_271,Bio of user_271
user_272,user_272@example.com,pass_272,Bio of user_272
user_273,user_273@example.com,pass_273,Bio of user_273
user_274,user_274@example.com,pass_274,Bio of user_274
user_275,user_275@example.com,pass_275,Bio of user_275
user_276,user_276@example.com,pass_276,Bio of user_276
user_277,user_277@example.com,pass_277,Bio of user_277
user_278,user_278@example.com,pass_278,Bio of user_278
user_279,user_279@example.com,pass_279,Bio of user_279
user_280,user_280@example.com,pass_280,Bio of user_280
user_281,user_281@example.com,pass_281,Bio of user_281
user_282,user_282@example.com,pass_282,Bio of user_282
user_283,user_283@example.com,pass_283,Bio of user_283
user_284,user_284@example.com,pass_284,Bio of user_284
user_285,user_285@example.com,pass_285,Bio of user_285
user_286,user_286@example.com,pass_286,Bio of user_286
user_287,user_287@example.com,pass_287,Bio of user_287
user_288,user_288@example.com,pass_288,Bio of user_288
user_289,user_289@example.com,pass_289,Bio of user_289
user_290,user_290@example.com,pass_290,Bio of user_290
user_291,user_291@example.com,pass_291,Bio of user_291
user_292,user_292@example.com,pass_292,Bio of user_292
user_293,user_293@example.com,pass_293,Bio of user_293
user_294,user_294@example.com,pass_294,Bio of user_294
user_295,user_295@example.com,pass_295,Bio of user_295
user_296,user_296@example.com,pass_296,Bio of user_296
user_297,user_297@example.com,pass_297,Bio of user_297
user_298,user_298@example.com,pass_298,Bio of user_298
user_299,user_299@example.com,pass_299,Bio of user_299
